Workbook
Name _PG1: #REF!
Name _PG2: #REF!
Name _PG3: #REF!
Name _PG4: #REF!
Name _PG5: #REF!
Name _PG6: #REF!
Name _PG7: #REF!
Name _PG8: #REF!
Name ACCOUNT: [1]SAP!$C$5:$C$977
Name act2nd: #REF!
Name act2ndrands: #REF!
Name actual1st: #REF!
Name actual1strands: #REF!
Name actualacccc: #REF!
Name actuals: #REF!
Name budgetacccc: #REF!
Name CCACCOUNT: [1]SAP!$Q$5:$Q$977
Name CCMM: [1]SAP!$H$5:$H$977
Name CCMMBRAND: [1]SAP!$M$5:$M$977
Name DATA1: #REF!
Name DATA10: #REF!
Name DATA11: #REF!
Name DATA2: #REF!
Name DATA3: #REF!
Name DATA4: #REF!
Name DATA5: #REF!
Name DATA6: #REF!
Name DATA7: #REF!
Name DATA8: #REF!
Name DATA9: #REF!
Name desc: [2]Sheet1!$H$35:$I$240
Name desc: [3]Sheet1!$H$35:$I$240
Name NORTH: #REF!
Name OPPASUMM: #REF!
Name RAND: [1]SAP!$G$5:$G$977
Name rands: #REF!
Name randsact: #REF!
Name randsbud: #REF!
Name SOUTH: #REF!
Name TEST0: #REF!
Name TESTHKEY: #REF!
Name TESTKEYS: #REF!
Name TESTVKEY: #REF!
Name wksorder: #REF!
Name wksorderrands: #REF!

Sheet Date
B2: Week ... 2025

Sheet Apolloss graissage + Lub
B3: CHECKLIST LUBRIFICATION ET GRAISSAGE | G3: =Date!B2 -> Week ... 2025
C4: Apollos | D4: =+'Line & frequency'!C1 -> CHAINE 5 | G4: =+'Line & frequency'!C2 -> HEBDOMADAIRE
B5: INTERVENANT | D5: JOYCE
C6: Heure début:……………………………………………… Heure fin : ……………………………………… | E6: FAIT?
B7: N° | C7: DESCRIPTION DES TACHES | D7: Durée | E7: OUI | F7: NON | G7: REMARQUES (MATERIEL + PIECES)
B8: 1 | C8: Controler le niveau de l'huile à l'intérieur des reducteurs de convoyeur Apollo 1
B9: =B8+1 -> 2 | C9: Controler le niveau de l'huile à l'intérieur des reducteurs de convoyeur Apollo 2
B10: =+B9+1 -> 3 | C10: Controler le niveau de l'huile à l'intérieur des reducteurs de convoyeur Apollo 3
B11: =B10+1 -> 4 | C11: Controler le niveau de l'huile à l'intérieur des reducteurs de convoyeur Apollo 4
B12: =+B11+1 -> 5 | C12: Graisser les roulements de paliers du convoyeur Apollo 1
B13: =B12+1 -> 6 | C13: Graisser les roulements de paliers du convoyeur Apollo 2
B14: =+B13+1 -> 7 | C14: Graisser les roulements de paliers du convoyeur Apollo 3
B15: =B14+1 -> 8 | C15: Graisser les roulements de paliers du convoyeur Apollo 4
B16: =+B15+1 -> 9 | C16: Lubrifier la chaine motrice du convoyeur Apollo 1
B17: =B16+1 -> 10 | C17: Lubrifier la chaine motrice du convoyeur Apollo 2
B18: =+B17+1 -> 11 | C18: Lubrifier la chaine motrice du convoyeur Apollo 3
B19: =B18+1 -> 12 | C19: Lubrifier la chaine motrice du convoyeur Apollo 4
B20: =+B19+1 -> 13
B21: =B20+1 -> 14
B22: Commentaire | D22: Nom et Visa Intervenants | G22: Nom et Visa Responsables

Sheet Decaisseuse Graissage + Lub
D3: CHECKLIST GRAISSAGE + LUBRIFICATION | I3: CODE:
I4: =Date!B2 -> Week ... 2025
I5: Semaine:
B6: MACHINE | D6: DECAISSEUSE
B7: INTERVENANT
G10: FAIT?
B11: N° | C11: DESCRIPTION DES TACHES | F11: Durée | G11: OUI | H11: NON | I11: REMARQUES (MATERIEL + PIECES)
B12: 1 | C12: Graisser les rails du chariot de levage
B13: =B12+1 -> 2 | C13: Graisser les roulements de paliers du convoyeur interne
B14: =B13+1 -> 3 | C14: Graisser les roulements des paliers sur l'axe des motoreducteurs du chariot de levage
B15: =B14+1 -> 4 | C15: Graisser les roulements des paliers du motoreducteurs de la traverse
B16: =B15+1 -> 5 | C16: Graisser les roulements des paliers de la table
B17: =B16+1 -> 6 | C17: Graisser les roulements des paliers du convoyeur à la sortie
B18: =B17+1 -> 7 | C18: Graisser les roulements de paliers du guide frame
B19: =B18+1 -> 8 | C19: Graisser les roulements linéaires du guide frame
B20: =B19+1 -> 9 | C20: Faire appoint huile reducteur du guide frame
B21: =B20+1 -> 10 | C21: Faire appoint huile reducteur du convoyeur interne
B22: =B21+1 -> 11 | C22: Faire appoint huile reducteurs principaux de levage
B23: =B22+1 -> 12 | C23: Faire appoint huile reducteur de la traverse
B24: =B23+1 -> 13 | C24: Faire appoint huile reducteurs du convoyeur casier à l'entrée et à la sortie
B25: =B24+1 -> 14 | C25: Faire appoint huile reducteur de la table
B26: =B25+1 -> 15
B27: =B26+1 -> 16
B28: =B27+1 -> 17
B29: =B28+1 -> 18
B30: =B29+1 -> 19
B31: =B30+1 -> 20
B32: =B31+1 -> 21
B33: =B32+1 -> 22
B34: Nom et Visa Intervenants | E34: Commentaire Général | I34: Nom et Visa Responsables

Sheet Encaisseuse Graissage + Lub
D3: CHECKLIST GRAISSAGE + LUBRIFICATION | I3: CODE:
I4: =Date!B2 -> Week ... 2025
I5: Semaine:
B6: MACHINE | D6: ENCAISSEUSE
B7: INTERVENANT
G10: FAIT?
B11: N° | C11: DESCRIPTION DES TACHES | F11: Durée | G11: OUI | H11: NON | I11: REMARQUES (MATERIEL + PIECES)
B12: 1 | C12: Graisser les rails du chariot de levage
B13: =B12+1 -> 2 | C13: Graisser les roulements de paliers du convoyeur interne
B14: =B13+1 -> 3 | C14: Graisser les roulements des paliers sur l'axe des motoreducteurs du chariot de levage
B15: =B14+1 -> 4 | C15: Graisser les roulements des paliers du motoreducteurs de la traverse
B16: =B15+1 -> 5 | C16: Graisser les roulements des paliers de la table
B17: =B16+1 -> 6 | C17: Graisser les roulements des paliers du convoyeur à la sortie
B18: =B17+1 -> 7 | C18: Graisser les roulements de paliers du guide frame
B19: =B18+1 -> 8 | C19: Graisser les roulements de paliers du moto reducteur des branleurs
B20: =B19+1 -> 9 | C20: Graisser les roulements linéaires du guide frame
B21: =B20+1 -> 10 | C21: Faire appoint huile reducteur du guide frame
B22: =B21+1 -> 11 | C22: Faire appoint huile reducteur du convoyeur interne
B23: =B22+1 -> 12 | C23: Faire appoint huile reducteurs principaux de levage
B24: =B23+1 -> 13 | C24: Faire appoint huile reducteur de la traverse
... B28: =B27+1 -> 17 | C28: Inspecter la rampe de lubrification de la table; Déboucher les buses et remonter toute anomalie
B29: =B28+1 -> 18
B30: =B29+1 -> 19
B31: =B30+1 -> 20
B32: =B31+1 -> 21
B33: =B32+1 -> 22
B34: Nom et Visa Intervenants | E34: Commentaire Général | I34: Nom et Visa Responsables

Sheet Depal Graissage + Lub
D3: CHECKLIST GRAISSAGE + LUBRIFICATION | I3: CODE:
I4: =Date!B2 -> Week ... 2025
I5: Semaine:
B6: MACHINE | D6: DEPALETTISEUR
B7: INTERVENANT | D7: TANKWA
G10: FAIT?
B11: N° | C11: DESCRIPTION DES TACHES | F11: Durée | G11: OUI | H11: NON | I11: REMARQUES (MATERIEL + PIECES)
B12: 1 | C12: Graisser les roulements de paliers de la première table
B13: =B12+1 -> 2 | C13: Graisser les roulements de paliers de la deuxième table
B14: =B13+1 -> 3 | C14: Graisser les roulements des paliers des deux convoyeurs convoyeurs de sortie
B15: =B14+1 -> 4 | C15: Graisser les rails du chariot de levage
B16: =B15+1 -> 5 | C16: Graisser les chaines 10b1 des convoyeurs à palettes à l'entrée et la sortie de la machine
B17: =B16+1 -> 6 | C17: Graisser les roulements des paliers sur l'axe des motoreducteurs du chariot de levage
B18: =B17+1 -> 7 | C18: Graisser les roulements des paliers du motoreducteurs de la traverse
B19: =B18+1 -> 8 | C19: Graisser les roulements de paliers du motoreducteur des slides
B20: =B19+1 -> 9 | C20: Faire appoint huile reducteur première table
B21: =B20+1 -> 10 | C21: Faire appoint huile reducteur deuxième table
B22: =B21+1 -> 11 | C22: Faire appoint huile dans les reducteurs des slides 1 et 2
B23: =B22+1 -> 12 | C23: Faire appoint huile dans les motoreducteurs des convoyeurs à palettes à l'entrée
B24: =B23+1 -> 13 | C24: Faire appoint huile dans les motoreducteurs des convoyeurs à palettes du magasin à palettes
... B28: =B27+1 -> 17 | C28: Graisser retourneur de palettes à la sortie du depaletiseur ( 4 points de graissage situés en dessous du convoyeur à palettes )
B29: =B28+1 -> 18
B30: =B29+1 -> 19
B31: =B30+1 -> 20
B32: =B31+1 -> 21
B33: =B32+1 -> 22
B34: Nom et Visa Intervenants | E34: Commentaire Général | I34: Nom et Visa Responsables

Sheet PAL Graisage + Lub
D3: CHECKLIST GRAISSAGE + LUBRIFICATION | I3: CODE:
I4: =Date!B2 -> Week ... 2025
I5: Semaine:
B6: MACHINE | D6: PALETTISEUR
B7: INTERVENANT | D7: TANKWA
G10: FAIT?
B11: N° | C11: DESCRIPTION DES TACHES | F11: Durée | G11: OUI | H11: NON | I11: REMARQUES (MATERIEL + PIECES)
B12: 1 | C12: Graisser les rails du chariot de levage
B13: =B12+1 -> 2 | C13: Graisser les chaines 10b1 des convoyeurs à palettes à l'entrée et la sortie de la machine
B14: =B13+1 -> 3 | C14: Graisser les roulements des paliers sur l'axe des motoreducteurs du chariot de levage
B15: =B14+1 -> 4 | C15: Graisser les roulements des paliers du motoreducteurs de la traverse
B16: =B15+1 -> 5 | C16: Graisser les roulements des paliers du grand tapis
B17: =B16+1 -> 6 | C17: Graisser les roulements des paliers du poussoir
B18: =B17+1 -> 7 | C18: Graisser les roulements de paliers du distributeur de casiers
B19: =B18+1 -> 8 | C19: Faire appoint huile Reducteurs principaux de levage du chariot
B20: =B19+1 -> 9 | C20: Faire appoint huile reducteur de la traverse
B21: =B20+1 -> 10 | C21: Faire appoint huile reducteurs du poussoir
B22: =B21+1 -> 11 | C22: Faire appoint huile reducteur du grand tapis
B23: =B22+1 -> 12 | C23: Faire appoint huile dans les recuteurs des convoyeurs à palettes à l'entrée et à la sortie
B24: =B23+1 -> 13 | C24: Faire appoint huile reducteur du distributeur à casiers
... B26: =B25+1 -> 15 | C26: Graisser retourneur de palettes à l'entrée du paletiseur ( 4 points de graissage situés en dessous du convoyeur à palettes )
B27: =B26+1 -> 16
B28: =B27+1 -> 17
B29: =B28+1 -> 18
B30: =B29+1 -> 19
B31: =B30+1 -> 20
B32: =B31+1 -> 21
B33: =B32+1 -> 22
B34: Nom et Visa Intervenants | E34: Commentaire Général | I34: Nom et Visa Responsables

Sheet EBI Hebdo Méca
D3: CHECKLIST HEBDOMADAIRE ELECTRIQUE | I3: CODE:
I4: =+[4]Date!B2 -> Week 30 2025
I5: Semaine:
B6: MACHINE | D6: EBI Chaine 5
B7: INTERVENANT | D7: SIMO
G10: FAIT?
B11: N° | C11: DESCRIPTION DES TACHES | F11: Durée | G11: OUI | H11: NON | I11: REMARQUES (MATERIEL + PIECES)
B12: 1 | C12: Vérifier, graisser, et retendre la chaîne de transmission pour le réglage en hauteur du caisson caméra
B13: =B12+1 -> 2 | C13: Effectuer le graissage centralisé des paliers
B14: =B13+1 -> 3 | C14: Vérifier guides bouteilles et les ajuster en fonction des repères standardisés
B15: =B14+1 -> 4
B16: =B15+1 -> 5
B17: =B16+1 -> 6
B18: =B17+1 -> 7
B19: =B18+1 -> 8
B20: =B19+1 -> 9
B21: =B20+1 -> 10
B22: =B21+1 -> 11
B23: =B22+1 -> 12
B24: Nom et Visa Intervenants | E24: Commentaire Général | I24: Nom et Visa Responsables

Sheet Etiqueteuse Graissage + Lub rev
D3: CHECKLIST GRAISSAGE + LUBRIFICATION | I3: CODE:
I4: =Date!B2 -> Week ... 2025
I5: Semaine:
B6: MACHINE | D6: Etiqueteuse
B7: INTERVENANT | D7: ITEMBE
G10: FAIT?
B11: N° | C11: DESCRIPTION DES TACHES | F11: Frequence | G11: OUI | H11: NON | I11: REMARQUES (MATERIEL + PIECES)
B12: 1 | C12: Graisser la came des supports tete de pression | F12: H
B13: =B12+1 -> 2 | C13: Controler le niveau d'huile de lubrification des selettes et faire appoint si necessaire | F13: M
B14: =B13+1 -> 3 | C14: Faire appoint graisse pour lubrification de la came de la station de staniolage | F14: 3M
B15: =B14+1 -> 4 | C15: Vidanger huile de l'aggregat station 1 ( utiliser huile 220 ) | F15: 6M
B16: =B15+1 -> 5 | C16: Nettoyer vielle graisse sur les ressorts des tetes de pression et mettre nouvelle graisse | F16: A
B17: =B16+1 -> 6 | C17: Graisser les cylindres de transfert stanioles et etiquettes ( lubrifier les galets des deux cylindres ) | F17: D
B18: =B17+1 -> 7 | C18: Mettre une petite quantité de graisse sur l'arbre des racleurs à colle | F18: H
B19: =B18+1 -> 8 | C19: Controler niveau huile à l'interieur des aggregats et faire appoint si necessaire | F19: M
B20: =B19+1 -> 9
B21: =B20+1 -> 10
B22: =B21+1 -> 11
B23: =B22+1 -> 12
B24: =B23+1 -> 13
B25: =B24+1 -> 14
B26: =B25+1 -> 15
B27: =B26+1 -> 16
B28: =B27+1 -> 17
B29: =B28+1 -> 18
B30: =B29+1 -> 19
B31: =B30+1 -> 20
... B33: =B32+1 -> 22
B34: Nom et Visa Intervenants | E34: Commentaire Général | I34: Nom et Visa Responsables

Sheet Etiqueteuse Graissage + Lub  M
D3: CHECKLIST GRAISSAGE + LUBRIFICATION | I3: CODE:
I4: =Date!B2 -> Week ... 2025
I5: Semaine:
B6: MACHINE | D6: Etiqueteuse
B7: INTERVENANT
G10: FAIT?
B11: N° | C11: DESCRIPTION DES TACHES | F11: Durée | G11: OUI | H11: NON | I11: REMARQUES (MATERIEL + PIECES)
B12: 1 | C12: Graisser le cylindre à étiquettes
B13: =B12+1 -> 2 | C13: Graisser le cylindre à stanioles
B14: =B13+1 -> 3 | C14: Graisser les roulements de paliers du convoyeur à l'entrée
B15: =B14+1 -> 4 | C15: Graisser les roulements de paliers du convoyeur à la sortie
B16: =B15+1 -> 5 | C16: Controler le fonctionnement du graissage automatique de la butée du carrousel
B17: =B16+1 -> 6 | C17: Faire appoint huile reducteur convoyeur à l'entrée
B18: =B17+1 -> 7 | C18: Faire appoint huile reducteur convoyeur à la sortie
B19: =B18+1 -> 8 | C19: Faire appoint huile reducteur entrainant le carrousel
B20: =B19+1 -> 9 | C20: Faire appoint huile reducteur entrainant les etoiles entrée et sortie
B21: =B20+1 -> 10 | C21: Faire appoint huile reducteur entrainant le carrousel
B22: =B21+1 -> 11 | C22: Faire appoint huile reducteur entrainant la station 1
B23: =B22+1 -> 12 | C23: Faire appoint huile reducteur entrainant la station 2
B24: =B23+1 -> 13 | C24: Faire appoint huile reducteur reglage en hauteur station de staniolage
B25: =B24+1 -> 14 | C25: Faire appoint huile reducteur reglage en hauteur du carrousel
B26: =B25+1 -> 15
B27: =B26+1 -> 16
B28: =B27+1 -> 17
B29: =B28+1 -> 18
B30: =B29+1 -> 19
B31: =B30+1 -> 20
B32: =B31+1 -> 21
B33: =B32+1 -> 22
B34: Nom et Visa Intervenants | E34: Commentaire Général | I34: Nom et Visa Responsables

Sheet Laveuse Graissage
D3: CHECKLIST GRAISSAGE | I3: CODE:
I4: =Date!B2 -> Week ... 2025
I5: Semaine:
B6: MACHINE | D6: Laveuse de bouteillles L5
B7: INTERVENANT
G10: FAIT?
B11: N° | C11: DESCRIPTION DES TACHES | F11: Durée | G11: OUI | H11: NON | I11: REMARQUES (MATERIEL + PIECES)
B12: 1 | C12: Graisser les roulements de paliers principaux du corps de la machine
B13: =B12+1 -> 2 | C13: Graisser les pompes basse pression
B14: =B13+1 -> 3 | C14: Graisser les roulements de paliers de l'infeed
B15: =B14+1 -> 4 | C15: Graisser les roulements de paliers de la table d'entrée
B16: =B15+1 -> 5 | C16: Graisser le système de transmission à l'entrée
B17: =B16+1 -> 6 | C17: Graisser le système de transmission à la sortie
B18: =B17+1 -> 7 | C18: Graisser les roulements de paliers à la sortie
B19: =B18+1 -> 8 | C19: Graisser les roulements de paliers du bloc d'extraction des etiquettes
B20: =B19+1 -> 9 | C20: Controler qualité huile, Vidanger si necessaire, Faire appoint huile dans reducteurs des extracteurs bain 1 à 5
B21: =B20+1 -> 10 | C21: Controler qualité huile, Vidanger si necessaire, Faire appoint huile dans reducteurs des tambours bain 1 à 5
B22: =B21+1 -> 11 | C22: Controler qualité huile, Vidanger si necessaire, Faire appoint huile dans reducteurs d'entrainement de l'infeed
B23: =B22+1 -> 12 | C23: Controler qualité huile, Vidanger si necessaire, Faire appoint huile dans reducteur d'entrainement de la sortie
B24: =B23+1 -> 13 | C24: Controler qualité huile, Vidanger si necessaire, Faire appoint huile dans reducteur d'entrainement des branleurs
... B27: =B26+1 -> 16 | C27: Controler qualité huile, Vidanger si necessaire, Faire appoint huile dans reducteur grand tapis extraction
B28: =B27+1 -> 17
B29: =B28+1 -> 18
B30: =B29+1 -> 19
B31: =B30+1 -> 20
B32: =B31+1 -> 21
B33: =B32+1 -> 22
B34: Nom et Visa Intervenants | E34: Commentaire Général | I34: Nom et Visa Responsables

Sheet Laveuse Graissage 2W
D3: CHECKLIST GRAISSAGE | I3: CODE:
I4: =Date!B2 -> Week ... 2025
I5: Semaine:
B6: MACHINE | D6: Laveuse de bouteillles
B7: INTERVENANT
G10: FAIT?
B11: N° | C11: DESCRIPTION DES TACHES | F11: Durée | G11: OUI | H11: NON | I11: REMARQUES (MATERIEL + PIECES)
B12: 1 | C12: Graisser les roulements de paliers de l'infeed
B13: =B12+1 -> 2 | C13: Graisser les roulements de paliers de la table d'entrée
B14: =B13+1 -> 3 | C14: Graisser le système de transmission à l'entrée
B15: =B14+1 -> 4 | C15: Graisser le système de transmission à la sortie
B16: =B15+1 -> 5 | C16: Graisser les roulements de paliers à la sortie
B17: =B16+1 -> 6 | C17: Graisser les roulements de paliers du bloc d'extraction des etiquettes
B18: =B17+1 -> 7 | C18: Graisser les roulements de paliers principaux du corps de la machine
B19: =B18+1 -> 8 | C19: Graisser les pompes basses pressions
B20: =B19+1 -> 9
B21: =B20+1 -> 10
B22: =B21+1 -> 11
B23: =B22+1 -> 12
B24: =B23+1 -> 13
B25: =B24+1 -> 14
B26: =B25+1 -> 15
B27: =B26+1 -> 16
B28: =B27+1 -> 17
B29: =B28+1 -> 18
B30: =B29+1 -> 19
B31: =B30+1 -> 20
... B33: =B32+1 -> 22
B34: Nom et Visa Intervenants | E34: Commentaire Général | I34: Nom et Visa Responsables

Sheet Lave caisses Graissage + Lub 
D3: CHECKLIST GRAISSAGE + LUBRIFICATION | I3: CODE:
I4: Week 38 2025
B6: MACHINE | D6: Lave caisses
B7: INTERVENANT | D7: CHOUAGOUE
G10: FAIT?
B11: N° | C11: DESCRIPTION DES TACHES | F11: Durée | G11: OUI | H11: NON | I11: REMARQUES (MATERIEL + PIECES)
B12: 1 | C12: Graisser les roulements de paliers du convoyeur interne de la lave caisse
B13: =B12+1 -> 2 | C13: Graisser les roulements de paliers du tapis extracteur N°1
B14: =B13+1 -> 3 | C14: Graisser les roulements de paliers du tapis extracteur N°2
B15: =B14+1 -> 4 | C15: Faire appoint d'huile à l'interieur du reducteur du convoyeur interne
B16: =B15+1 -> 5 | C16: Faire appoint huile dans les reducteurs des tapis extracteurs
B17: =B16+1 -> 6
B18: =B17+1 -> 7
B19: =B18+1 -> 8
B20: =B19+1 -> 9
B21: =B20+1 -> 10
B22: =B21+1 -> 11
B23: =B22+1 -> 12
B24: =B23+1 -> 13
B25: =B24+1 -> 14
B26: =B25+1 -> 15
B27: =B26+1 -> 16
B28: =B27+1 -> 17
... B33: =B32+1 -> 22
B34: Nom et Visa Intervenants | E34: Commentaire Général | I34: Nom et Visa Responsables

Sheet Pasteurisateur Graissage
D3: CHECKLIST GRAISSAGE | I3: CODE:
I4: =Date!B2 -> Week ... 2025
I5: Semaine:
B6: MACHINE | D6: Pasteurisateur L5
B7: INTERVENANT
G10: FAIT?
B11: N° | C11: DESCRIPTION DES TACHES | F11: Durée | G11: OUI | H11: NON | I11: REMARQUES (MATERIEL + PIECES)
B12: 1 | C12: Graisser les roulements de paliers du convoyeur entrée haut
B13: =B12+1 -> 2 | C13: Graisser les roulements de paliers du convoyeur entrée bas
B14: =B13+1 -> 3 | C14: Graisser les roulements de paliers du convoyeur sortie haut
B15: =B14+1 -> 4 | C15: Graisser les roulements de paliers du convoyeur sortie bas
B16: =B15+1 -> 5 | C16: Graisser les roulements de paliers du tapis haut
B17: =B16+1 -> 6 | C17: Graisser les roulements de paliers du tapis bas
B18: =B17+1 -> 7 | C18: Graisser les roulements de paliers du convoyeurs extracteur de casses
B19: =B18+1 -> 8 | C19: Controler qualité huile, Vidanger si necessaire, Faire appoint huile dans les reducteurs principaux tapis haut
B20: =B19+1 -> 9 | C20: Controler qualité huile, Vidanger si necessaire, Faire appoint huile dans les reducteurs principaux tapis bas
B21: =B20+1 -> 10 | C21: Controler qualité huile, Vidanger si necessaire, Faire appoint huile dans les reducteurs Convoyeur entrée haut et bas
B22: =B21+1 -> 11 | C22: Controler qualité huile, Vidanger si necessaire, Faire appoint huile dans les reducteurs Convoyeur sortie bas et haut
B23: =B22+1 -> 12
B24: =B23+1 -> 13
B25: =B24+1 -> 14
B26: =B25+1 -> 15
B27: =B26+1 -> 16
B28: =B27+1 -> 17
B29: =B28+1 -> 18
B30: =B29+1 -> 19
B31: =B30+1 -> 20
B32: =B31+1 -> 21
B33: =B32+1 -> 22
B34: Nom et Visa Intervenants | E34: Commentaire Général | I34: Nom et Visa Responsables

Sheet Soutireuse Graissage hebdo
D3: CHECKLIST GRAISSAGE HEBDOMADAIRE | J3: Semaine:
J4: week 39 2025
J5: Date:
B6: MACHINE | D6: Soutireuse L5
B7: INTERVENANT | D7: CHOUAGOUE
H10: FAIT?
B11: N° | C11: COMPOSANT/ZONE A GRAISSER | F11: Type de graisse / huile | G11: Durée | H11: OUI | I11: NON | J11: REMARQUES (MATERIEL + PIECES)
C12: Effectuer le graissage manuel exclusif
B13: =B12+1 -> 1 | C13: Roulement de la vis de selection (Axe de commande) | F13: Multi complex EP 2
B14: =B13+1 -> 2 | C14: Roulement de renvoi d'angle de la vis de selection | F14: Multi complex EP 2
B15: =B14+1 -> 3 | C15: Roulement de réglage de hauteur | F15: Multi complex EP 2
C16: Faire le graissage manuel des points automatiques
B17: =B16+1 -> 1 | C17: 3 Piliers des etoiles d'entrée et sortie de la boucheuse | F17: Multi complex EP 2
B18: =B17+1 -> 2 | C18: Butée de la boucheuse | F18: Multi complex EP 2
C20: Contrôler si la lubrification automatique est effective sur tous les points ci-dessous; Déconnecter les flexibles - Mettre la pompe en manuel - verifier si la graisse s'echappe des flexibles
B21: 1 | C21: 3 Piliers des etoiles d'entrée et sortie de la boucheuse | F21: Multi complex EP 2
B22: 2 | C22: Butée de la boucheuse | F22: Multi complex EP 2
B23: 3 | C23: Roulement de la grande courone (4 points de graissage) | F23: Multi complex EP 2
B24: 4 | C24: Pignon d'attaque de la grande courone | F24: Multi complex EP 2
B25: 5 | C25: Roulement principal de la boucheuse (32040) | F25: Multi complex EP 2
B28: Nom et Visa Intervenants | E28: Commentaire Général | J28: Nom et Visa Responsables

Sheet Soutireuse Graissage 2-weekly
D3: CHECKLIST GRAISSAGE BIMENSUEL | J3: Semaine:
J4: =Date!B2 -> Week ... 2025
J5: Date:
B6: MACHINE | D6: Soutireuse L5
B7: INTERVENANT | D7: CHOUAGOUE
H10: FAIT?
B11: N° | C11: COMPOSANT/ZONE A GRAISSER | F11: Type de graisse / huile | G11: Durée | H11: OUI | I11: NON | J11: REMARQUES (MATERIEL + PIECES)
B12: 1 | C12: Effectuer le Graissage manuel exclusif
B13: =B12+1 -> 2 | C13: Roulement de la colonne centrale | F13: Mobilgrease FM 222
B14: =B13+1 -> 3
B15: =B14+1 -> 4
B16: =B15+1 -> 5
B17: =B16+1 -> 6
B18: =B17+1 -> 7
B19: =B18+1 -> 8
B20: =B19+1 -> 9
B21: =B20+1 -> 10
B22: =B21+1 -> 11
B23: =B22+1 -> 12
B33: =B23+1 -> 13
B34: Nom et Visa Intervenants | E34: Commentaire Général | J34: Nom et Visa Responsables

Sheet Soutireuse Graissage mensuel
D3: CHECKLIST GRAISSAGE MENSUELLE | J3: Semaine:
J4: =Date!B2 -> Week ... 2025
J5: Date:
B6: MACHINE | D6: Soutireuse L5
B7: INTERVENANT | D7: CHOUAGOUE
H10: FAIT?
B11: N° | C11: COMPOSANT/ZONE A GRAISSER | F11: Type de graisse / huile | G11: Durée | H11: OUI | I11: NON | J11: REMARQUES (MATERIEL + PIECES)
B12: 1 | C12: Effectuer le graissage des points manuels exclusif
B13: =B12+1 -> 2 | C13: Roulements des piliers de reglage en hauteur du carrousel (6 points de graissage) | F13: Multi complex EP 2
B14: =B13+1 -> 3 | C14: 6 paliers de la tremie à capsusles | F14: Multi complex EP 2
B15: =B14+1 -> 4
C16: Faire le graissage manuel des points automatiques
B17: =B16+1 -> 1 | C17: Roulement de la grande courone (4 points de graissage) | F17: Multi complex EP 2
B18: =B17+1 -> 2 | C18: Pignon d'attaque de la grande courone | F18: Multi complex EP 2
B19: =B18+1 -> 3 | C19: Roulement principal de la boucheuse (32040) | F19: Multi complex EP 2
C20: Contrôler qualité & niveau huile, vidanger si necessaire, faire appoint d'huile
B21: 1 | C21: Reducteur principal soutireuse | F21: Total carter Xep 220
B22: 2 | C22: Reducteur principal boucheuse | F22: Total carter Xep 220
B23: 3 | C23: Reducteur reglage en hauteur boucheuse | F23: Total carter Xep 220
B24: 4 | C24: Reducteur reglage en hauteur soutireuse | F24: Total carter Xep 220
B25: 5 | C25: Reducteurs convoyeurs entrée et sortie | F25: Total carter Xep 220
B26: 6 | C26: Reducteur levage capsules | F26: Total carter Xep 220
B27: 7 | C27: Reducteur tambour capsules | F27: Total carter Xep 220
B28: 8 | C28: Reducteur levage came soutireuse | F28: Total carter Xep 220
B29: 9
B30: Nom et Visa Intervenants | E30: Commentaire Général | J30: Nom et Visa Responsables

Sheet Soutireuse Lub Quad
D3: CHECKLIST Lubrification Quadrimestre | I3: CODE:
I4: =Date!B2 -> Week ... 2025
I5: Semaine:
B6: MACHINE | D6: Soutireuse
B7: INTERVENANT | D7: FONDJA
G10: FAIT?
B11: N° | C11: DESCRIPTION DES TACHES | F11: Durée | G11: OUI | H11: NON | I11: REMARQUES (MATERIEL + PIECES)
B12: 1 | C12: Contrôler niveau d'huile des moto-réducteurs de la machine (boucheuse, carrousel, levage boucheuse, moteur pompe à vide, levage cuve et came)
B13: =B12+1 -> 2
B14: =B13+1 -> 3
B15: Nom et Visa Intervenants | E15: Commentaire Général | I15: Nom et Visa Responsables

Sheet A1
B3: CHECKLIST MECANIQUE | G3: =Date!B2 -> Week ... 2025
C4: Apollo 1 | D4: =+'Line & frequency'!C1 -> CHAINE 5 | G4: =+'Line & frequency'!C2 -> HEBDOMADAIRE
B5: INTERVENANT | D5: KWEHATCHOU
C6: Heure début:……………………………………………… Heure fin : ……………………………………… | E6: FAIT?
B7: N° | C7: DESCRIPTION DES TACHES | D7: Durée | E7: OUI | F7: NON | G7: REMARQUES (MATERIEL + PIECES)
B8: 1 | C8: controler l'arret d'huile et le remplacé au besoin. Aucune fuite d'huile n'est acceptable.
B9: =B8+1 -> 2 | C9: controler l'usure des roulements et paliers de l'axe moteur et remplacer si necessaire.
B10: =+B9+1 -> 3 | C10: controler l'usure des dents du pignon sur l'axe moteur et le remplacé au besoin. Aucun glissement n'est acceptable.
B11: =B10+1 -> 4 | C11: controler l'alignement et la fixation du pignon de l'axe moteur et remedier au besoin. Insister sur le serrage des vis de fixation des pignons
B12: =B11+1 -> 5 | C12: Controler la fixation des paliers des roulements de l'axe des moteurs principaux. Insister sur le serrage des vis de fixation des ces paliers
B13: =B12+1 -> 6 | C13: controler l'usure du pignon de la roue de renvoie en dessous de la colonne et le remplacé au besoin. Aucun glissement n'est acceptable.
B14: =B13+1 -> 7 | C14: controler le jeu des roulements de la roue de renvoie en dessous de la colonne et remedier au besoin.
B15: =B14+1 -> 8 | C15: controler l'usure du pignon de la roue libre à l'entrée ou à la sortie et remplacé au besoin. Aucun glissement n'est acceptable.
B16: =B15+1 -> 9 | C16: controler l'alignement et la fixation de la roue libre et remedier au besoin.
B17: =B16+1 -> 10 | C17: controler l'état des courroies et remplacer au besoin.
B18: =B17+1 -> 11 | C18: controler les fuites sur le vérin, sa fixation remedier aux problèmes rencontrés.
B19: =B18+1 -> 12 | C19: controler les fuites sur les raccords les remediées au besoin. Aucune fuite sur ces raccords n'est permise.
B20: =B19+1 -> 13 | C20: controler l'usure des maillons de chaine et remplacer la chaine complète au besoin.
B21: =B20+1 -> 14 | C21: controler la presence des palettes sur tout le long du convoyeur et remplacer les palettes manquantes
B22: =B21+1 -> 15 | C22: controler la hauteur des rouleaux et ajuster les au besoin. Utiliser le niveau d'eau et se rassurer l'horizontalité entre les palettes d'apollo et les convoyeurs adjacents
... B26: =B25+1 -> 19 | C26: Controler la longueur de la chaine d'apollo en se rassurant qu'a vide la distance entre le capteur de surcharge et la barre oscillante est de 45mm.
B27: Commentaire | D27: Nom et Visa Intervenants | G27: Nom et Visa Responsables

Sheet A1 MENSUELLE 
B3: CHECKLIST MECANIQUE | G3: =Date!B2 -> Week ... 2025
C4: Apollo 1 | D4: =+'Line & frequency'!C1 -> CHAINE 5 | G4: MENSUELLE
B5: INTERVENANT | D5: TCHAMO +JOYCE
C6: Heure début:……………………………………………… Heure fin : ……………………………………… | E6: FAIT?
B7: N° | C7: DESCRIPTION DES TACHES | D7: Durée | E7: OUI | F7: NON | G7: REMARQUES (MATERIEL + PIECES)
B8: 1 | C8: controler l'usure des roulements et paliers de l'axe en dessous de la colonne et remplacer si necessaire.
B9: =B8+1 -> 2 | C9: controler l'usure des roues renvoie et remplacer au besoin
B10: =+B9+1 -> 3 | C10: controler la tension de la chaine et reduire les maillons si possible.
B11: =B10+1 -> 4 | C11: controler l'etat des roulements et élément se situant entre les roulements et remplacer les au besoin. Vérifier leur fixation sur la chaine et bien fixer au besoin.
B12: =+B11+1 -> 5 | C12: verifier que tous les rouleaux entrés et sorties tournent normamelent et remplacer les si les roulements sont absents.
B13: =B12+1 -> 6
B14: =+B13+1 -> 7
B15: =B14+1 -> 8
B16: =+B15+1 -> 9
B17: =B16+1 -> 10
B18: =+B17+1 -> 11
B19: =B18+1 -> 12
B20: =+B19+1 -> 13
B21: =B20+1 -> 14
B22: =+B21+1 -> 15
B23: =B22+1 -> 16
B24: =+B23+1 -> 17
B25: =B24+1 -> 18
B26: Commentaire | D26: Nom et Visa Intervenants | G26: Nom et Visa Responsables

Sheet A2
B3: CHECKLIST MECANIQUE | G3: =Date!B2 -> Week ... 2025
C4: Apollo 2 | D4: =+'Line & frequency'!C1 -> CHAINE 5 | G4: =+'Line & frequency'!C2 -> HEBDOMADAIRE
B5: INTERVENANT
C6: Heure début:……………………………………………… Heure fin : ……………………………………… | E6: FAIT?
B7: N° | C7: DESCRIPTION DES TACHES | D7: Durée | E7: OUI | F7: NON | G7: REMARQUES (MATERIEL + PIECES)
B8: 1 | C8: controler l'arret d'huile et le remplacé au besoin. Aucune fuite d'huile n'est acceptable.
B9: =B8+1 -> 2 | C9: controler l'usure des roulements et paliers de l'axe moteur et remplacer si necessaire.
B10: =+B9+1 -> 3 | C10: controler l'usure des dents du pignon sur l'axe moteur et le remplacé au besoin. Aucun glissement n'est acceptable.
B11: =B10+1 -> 4 | C11: controler l'alignement et la fixation du pignon de l'axe moteur et remedier au besoin. Insister sur le serrage des vis de fixation des pignons
B12: =B11+1 -> 5 | C12: Controler la fixation des paliers des roulements de l'axe des moteurs principaux. Insister sur le serrage des vis de fixation des ces paliers
B13: =B12+1 -> 6 | C13: controler l'usure du pignon de la roue de renvoie en dessous de la colonne et le remplacé au besoin. Aucun glissement n'est acceptable.
B14: =B13+1 -> 7 | C14: controler le jeu des roulements de la roue de renvoie en dessous de la colonne et remedier au besoin.
B15: =B14+1 -> 8 | C15: controler l'usure du pignon de la roue libre à l'entrée ou à la sortie et remplacé au besoin. Aucun glissement n'est acceptable.
B16: =B15+1 -> 9 | C16: controler l'alignement et la fixation de la roue libre et remedier au besoin.
B17: =B16+1 -> 10 | C17: controler l'état des courroies et remplacer au besoin.
B18: =B17+1 -> 11 | C18: controler les fuites sur le vérin, sa fixation remedier aux problèmes rencontrés.
B19: =B18+1 -> 12 | C19: controler les fuites sur les raccords les remediées au besoin. Aucune fuite sur ces raccords n'est permise.
B20: =B19+1 -> 13 | C20: controler l'usure des maillons de chaine et remplacer la chaine complète au besoin.
B21: =B20+1 -> 14 | C21: controler la presence des palettes sur tout le long du convoyeur et remplacer les palettes manquantes
B22: =B21+1 -> 15 | C22: controler la hauteur des rouleaux et ajuster les au besoin. Utiliser le niveau d'eau et se rassurer l'horizontalité entre les palettes d'apollo et les convoyeurs adjacents
... B26: =B25+1 -> 19 | C26: Controler la longueur de la chaine d'apollo en se rassurant qu'a vide la distance entre le capteur de surcharge et la barre oscillante est de 45mm.
B27: Commentaire | D27: Nom et Visa Intervenants | G27: Nom et Visa Responsables

Sheet A2 MENSUELLE
B3: CHECKLIST MECANIQUE | G3: =Date!B2 -> Week ... 2025
C4: Apollo 2 | D4: =+'Line & frequency'!C1 -> CHAINE 5 | G4: MENSUELLE
B5: INTERVENANT
C6: Heure début:……………………………………………… Heure fin : ……………………………………… | E6: FAIT?
B7: N° | C7: DESCRIPTION DES TACHES | D7: Durée | E7: OUI | F7: NON | G7: REMARQUES (MATERIEL + PIECES)
B8: 1 | C8: controler l'usure des roulements et paliers de l'axe en dessous de la colonne et remplacer si necessaire.
B9: =B8+1 -> 2 | C9: controler l'usure des roues renvoie et remplacer au besoin
B10: =+B9+1 -> 3 | C10: controler la tension de la chaine et reduire les maillons si possible.
B11: =B10+1 -> 4 | C11: controler l'etat des roulements et élément se situant entre les roulements et remplacer les au besoin. Vérifier leur fixation sur la chaine et bien fixer au besoin.
B12: =+B11+1 -> 5 | C12: verifier que tous les rouleaux entrés et sorties tournent normamelent et remplacer les si les roulements sont absents.
B13: =B12+1 -> 6 | C13: Reduire un maillon de chaine sur ce convoyeur
B14: =+B13+1 -> 7
B15: =B14+1 -> 8
B16: =+B15+1 -> 9
B17: =B16+1 -> 10
B18: =+B17+1 -> 11
B19: =B18+1 -> 12
B20: =+B19+1 -> 13
B21: =B20+1 -> 14
B22: =+B21+1 -> 15
B23: =B22+1 -> 16
B24: =+B23+1 -> 17
B25: =B24+1 -> 18
B26: Commentaire | D26: Nom et Visa Intervenants | G26: Nom et Visa Responsables

Sheet A3
B3: CHECKLIST MECANIQUE | G3: =Date!B2 -> Week ... 2025
C4: Apollo 3 | D4: =+'Line & frequency'!C1 -> CHAINE 5 | G4: =+'Line & frequency'!C2 -> HEBDOMADAIRE
B5: INTERVENANT
C6: Heure début:……………………………………………… Heure fin : ……………………………………… | E6: FAIT?
B7: N° | C7: DESCRIPTION DES TACHES | D7: Durée | E7: OUI | F7: NON | G7: REMARQUES (MATERIEL + PIECES)
B8: 1 | C8: controler l'arret d'huile et le remplacé au besoin. Aucune fuite d'huile n'est acceptable.
B9: =B8+1 -> 2 | C9: controler l'usure des roulements et paliers de l'axe moteur et remplacer si necessaire.
B10: =+B9+1 -> 3 | C10: controler l'usure des dents du pignon sur l'axe moteur et le remplacé au besoin. Aucun glissement n'est acceptable.
B11: =B10+1 -> 4 | C11: controler l'alignement et la fixation du pignon de l'axe moteur et remedier au besoin. Insister sur le serrage des vis de fixation des pignons
B12: =B11+1 -> 5 | C12: Controler la fixation des paliers des roulements de l'axe des moteurs principaux. Insister sur le serrage des vis de fixation des ces paliers
B13: =B12+1 -> 6 | C13: controler l'usure du pignon de la roue de renvoie en dessous de la colonne et le remplacé au besoin. Aucun glissement n'est acceptable.
B14: =B13+1 -> 7 | C14: controler le jeu des roulements de la roue de renvoie en dessous de la colonne et remedier au besoin.
B15: =B14+1 -> 8 | C15: controler l'usure du pignon de la roue libre à l'entrée ou à la sortie et remplacé au besoin. Aucun glissement n'est acceptable.
B16: =B15+1 -> 9 | C16: controler l'alignement et la fixation de la roue libre et remedier au besoin.
B17: =B16+1 -> 10 | C17: controler l'état des courroies et remplacer au besoin.
B18: =B17+1 -> 11 | C18: controler les fuites sur le vérin, sa fixation remedier aux problèmes rencontrés.
B19: =B18+1 -> 12 | C19: controler les fuites sur les raccords les remediées au besoin. Aucune fuite sur ces raccords n'est permise.
B20: =B19+1 -> 13 | C20: controler l'usure des maillons de chaine et remplacer la chaine complète au besoin.
B21: =B20+1 -> 14 | C21: controler la presence des palettes sur tout le long du convoyeur et remplacer les palettes manquantes
B22: =B21+1 -> 15 | C22: controler la hauteur des rouleaux et ajuster les au besoin. Utiliser le niveau d'eau et se rassurer l'horizontalité entre les palettes d'apollo et les convoyeurs adjacents
... B28: =B27+1 -> 21 | C28: Inspecter maillons cassés sur la chaine principale Apollo 3 et remplacer
B29: Commentaire | D29: Nom et Visa Intervenants | G29: Nom et Visa Responsables

Sheet A3 MENSUELLE
B3: CHECKLIST MECANIQUE | G3: =Date!B2 -> Week ... 2025
C4: Apollo 3 | D4: =+'Line & frequency'!C1 -> CHAINE 5 | G4: MENSUELLE
B5: INTERVENANT
C6: Heure début:……………………………………………… Heure fin : ……………………………………… | E6: FAIT?
B7: N° | C7: DESCRIPTION DES TACHES | D7: Durée | E7: OUI | F7: NON | G7: REMARQUES (MATERIEL + PIECES)
B8: 1 | C8: controler l'usure des roulements et paliers de l'axe en dessous de la colonne et remplacer si necessaire.
B9: =B8+1 -> 2 | C9: controler l'usure des roues renvoie et remplacer au besoin
B10: =+B9+1 -> 3 | C10: controler la tension de la chaine et reduire les maillons si possible.
B11: =B10+1 -> 4 | C11: controler l'etat des roulements et élément se situant entre les roulements et remplacer les au besoin. Vérifier leur fixation sur la chaine et bien fixer au besoin.
B12: =+B11+1 -> 5 | C12: verifier que tous les rouleaux entrés et sorties tournent normamelent et remplacer les si les roulements sont absents.
B13: =B12+1 -> 6 | C13: Reduire un maillon de chaine sur ce convoyeur
B14: =+B13+1 -> 7
B15: =B14+1 -> 8
B16: =+B15+1 -> 9
B17: =B16+1 -> 10
B18: =+B17+1 -> 11
B19: =B18+1 -> 12
B20: =+B19+1 -> 13
B21: =B20+1 -> 14
B22: =+B21+1 -> 15
B23: =B22+1 -> 16
B24: =+B23+1 -> 17
B25: =B24+1 -> 18
B26: Commentaire | D26: Nom et Visa Intervenants | G26: Nom et Visa Responsables

Sheet A4
B3: CHECKLIST MECANIQUE | G3: =Date!B2 -> Week ... 2025
C4: Apollo 4 | D4: =+'Line & frequency'!C1 -> CHAINE 5 | G4: =+'Line & frequency'!C2 -> HEBDOMADAIRE
B5: INTERVENANT
C6: Heure début:……………………………………………… Heure fin : ……………………………………… | E6: FAIT?
B7: N° | C7: DESCRIPTION DES TACHES | D7: Durée | E7: OUI | F7: NON | G7: REMARQUES (MATERIEL + PIECES)
B8: 1 | C8: controler l'arret d'huile et le remplacé au besoin. Aucune fuite d'huile n'est acceptable.
B9: =B8+1 -> 2 | C9: controler l'usure des roulements et paliers de l'axe moteur et remplacer si necessaire.
B10: =+B9+1 -> 3 | C10: controler l'usure des dents du pignon sur l'axe moteur et le remplacé au besoin. Aucun glissement n'est acceptable.
B11: =B10+1 -> 4 | C11: controler l'alignement et la fixation du pignon de l'axe moteur et remedier au besoin. Insister sur le serrage des vis de fixation des pignons
B12: =+B11+1 -> 5 | C12: controler l'usure du pignon de la roue de renvoie en dessous de la colonne et le remplacé au besoin. Aucun glissement n'est acceptable.
B13: =+B12+1 -> 6 | C13: Controler la fixation des paliers des roulements de l'axe des moteurs principaux. Insister sur le serrage des vis de fixation des ces paliers
B14: =+B13+1 -> 7 | C14: controler le jeu des roulements de la roue de renvoie en dessous de la colonne et remedier au besoin.
B15: =+B14+1 -> 8 | C15: controler l'usure du pignon de la roue libre à l'entrée ou à la sortie et remplacé au besoin. Aucun glissement n'est acceptable.
B16: =+B15+1 -> 9 | C16: controler l'alignement et la fixation de la roue libre et remedier au besoin.
B17: =+B16+1 -> 10 | C17: controler l'état des courroies et remplacer au besoin.
B18: =+B17+1 -> 11 | C18: controler les fuites sur le vérin, sa fixation remedier aux problèmes rencontrés.
B19: =+B18+1 -> 12 | C19: controler les fuites sur les raccords les remediées au besoin. Aucune fuite sur ces raccords n'est permise.
B20: =+B19+1 -> 13 | C20: controler l'usure des maillons de chaine et remplacer la chaine complète au besoin.
B21: =+B20+1 -> 14 | C21: controler la presence des palettes sur tout le long du convoyeur et remplacer les palettes manquantes
B22: =+B21+1 -> 15 | C22: controler la hauteur des rouleaux et ajuster les au besoin. Utiliser le niveau d'eau et se rassurer l'horizontalité entre les palettes d'apollo et les convoyeurs adjacents
B23: =+B22+1 -> 16 | C23: controler la presence des embouts en debut et fin de glissières et remplacer si elles sont absentes.
... B26: =+B25+1 -> 19 | C26: Controler la longueur de la chaine d'apollo en se rassurant qu'a vide la distance entre le capteur de surcharge et la barre oscillante est de 45mm.
B27: =+B26+1 -> 20
B28: =+B27+1 -> 21
B29: Commentaire | D29: Nom et Visa Intervenants | G29: Nom et Visa Responsables

Sheet A4 MENSUELLE
B3: CHECKLIST MECANIQUE | G3: =Date!B2 -> Week ... 2025
C4: Apollo 4 | D4: =+'Line & frequency'!C1 -> CHAINE 5 | G4: MENSUELLE
B5: INTERVENANT | D5: CHIMI+KWEHATCHOU
C6: Heure début:……………………………………………… Heure fin : ……………………………………… | E6: FAIT?
B7: N° | C7: DESCRIPTION DES TACHES | D7: Durée | E7: OUI | F7: NON | G7: REMARQUES (MATERIEL + PIECES)
B8: 1 | C8: controler l'usure des roulements et paliers de l'axe en dessous de la colonne et remplacer si necessaire.
B9: =B8+1 -> 2 | C9: controler l'usure des roues renvoie et remplacer au besoin
B10: =+B9+1 -> 3 | C10: controler la tension de la chaine et reduire les maillons si possible.
B11: =B10+1 -> 4 | C11: controler l'etat des roulements et élément se situant entre les roulements et remplacer les au besoin. Vérifier leur fixation sur la chaine et bien fixer au besoin.
B12: =+B11+1 -> 5 | C12: verifier que tous les rouleaux entrés et sorties tournent normamelent et remplacer les si les roulements sont absents.
B13: =B12+1 -> 6 | C13: Reduire un maillon de chaine sur ce convoyeur
B14: =+B13+1 -> 7
B15: =B14+1 -> 8
B16: =+B15+1 -> 9
B17: =B16+1 -> 10
B18: =+B17+1 -> 11
B19: =B18+1 -> 12
B20: =+B19+1 -> 13
B21: =B20+1 -> 14
B22: =+B21+1 -> 15
B23: =B22+1 -> 16
B24: =+B23+1 -> 17
B25: =B24+1 -> 18
B26: Commentaire | D26: Nom et Visa Intervenants | G26: Nom et Visa Responsables

Sheet BLOWER Hebdo
B3: CHECKLIST MECANIQUE | G3: =Date!B2 -> Week ... 2025
C4: Souffleur | D4: =+'Line & frequency'!C1 -> CHAINE 5 | G4: Hebdomadaire
B5: INTERVENANT
C6: Heure début:……………………………………………… Heure fin : ……………………………………… | E6: FAIT?
B7: N° | C7: DESCRIPTION DES TACHES | D7: Durée | E7: OUI | F7: NON | G7: REMARQUES (MATERIEL + PIECES)
B8: 1 | C8: Controler le guidage des bouteilles à l'interieur et ajuster si necessaire
B9: =B8+1 -> 2 | C9: Controler la position des buses sur les bouteilles et ajuster si necessaire
B10: =+B9+1 -> 3 | C10: Controler la fixation des supports des buses et serrer si necessaire
B11: =B10+1 -> 4 | C11: Controler le fonctionnement des 4 souffleurs et remedier si necessaire
B12: =+B11+1 -> 5 | C12: Deboucher toutes les buses bouchées
B13: =B12+1 -> 6 | C13: Nettoyer les filtres sur les conduites d'aspiration des 4 souffleurs
B14: =+B13+1 -> 7
B15: =B14+1 -> 8
B16: Commentaire | D16: Nom et Visa Intervenants | G16: Nom et Visa Responsables

Sheet Décaisseuse
B3: CHECKLIST MECANIQUE | G3: =Date!B2 -> Week ... 2025
C4: DECAISSEUSE | D4: =+'Line & frequency'!C1 -> CHAINE 5 | G4: =+'Line & frequency'!C2 -> HEBDOMADAIRE
B5: INTERVENANT | D5: KUETE
C6: Heure début:……………………………………………… Heure fin : ……………………………………… | E6: FAIT?
B7: N° | C7: DESCRIPTION DES TACHES | D7: Durée | E7: OUI | F7: NON | G7: REMARQUES (MATERIEL + PIECES)
B8: 1 | C8: controler l'arret d'huile du reducteur principal et le remplacé au besoin. Aucune fuite d'huile n'est acceptable.
B9: =B8+1 -> 2 | C9: controler l'arret d'huile du reducteur numéro 2 et le remplacé au besoin. Aucune fuite d'huile n'est acceptable.
B10: =+B9+1 -> 3 | C10: controler les brides de serrage sur l'arbre des reducteurs principaux et remplacer au besoin
B11: =B10+1 -> 4 | C11: controler la fixation des tiges portant les freins de sécurité (haut et bas) et bien serrer au besoin.
B12: =+B11+1 -> 5 | C12: controler l'état des roulements de paliers du chariot de levage et les remplacés au besoin
B13: =B12+1 -> 6 | C13: controler la fixation des courroies sur le chariot de levage et ameliorer sa fixation si necessaire.
B14: =+B13+1 -> 7 | C14: controler les fuites sur les élements pneumatiques de la trasverse
B15: =B14+1 -> 8 | C15: controler l'état des rouleaux de guidage, leurs roulements et circlips de la traverse et remedier au besoin
B16: =+B15+1 -> 9 | C16: controler l'état des roulements et paliers de la traverse et remedier au besoin
B17: =B16+1 -> 10 | C17: controler l'arret d'huile du reducteur d'entrainement de la traverse et le remplacé au besoin. Aucune fuite d'huile n'est acceptable.
B18: =+B17+1 -> 11 | C18: Controler la fixation et la tension des courroies de la traverse et remedier si necessaire
B19: =B18+1 -> 12 | C19: Controler l'etat des roues libres et pignons de la traverse, leurs manchons de serrage et remedier aux problèmes rencontrés
B20: =+B19+1 -> 13 | C20: contrôler l'état des roulements des rouleaux du support des grappins et remplacer au besoin. Aucun déséquilibre du chariot n'est autorisé.
B21: =B20+1 -> 14 | C21: contrôler les circlips des rouleaux du support des grappins et remplacer au besoin. Aucun déséquilibre du chariot n'est autorisé.
B22: =+B21+1 -> 15 | C22: controler les fuites au niveau du vérin et raccords et remedier au problème rencontrés
B23: =B22+1 -> 16 | C23: controler la prise et la pose des bouteilles sur la table. Utiliser la commande manuelle à l'HMI.
B24: =+B23+1 -> 17 | C24: controler l'état du silencieux sur l'electrovanne d'arrivée d'air sur les grappins et remplacer au besoin.
B25: =B24+1 -> 18 | C25: controler les fuites sur les raccords de l'electrovanne d'alimentation du distributeur d'air des grappins et les remediées au besoin. Aucune fuite sur ces raccords n'est permise.
B26: =+B25+1 -> 19 | C26: controler les fuites sur les raccords du distributeur d'air sur les grappins et les remediées au besoin. Aucune fuite sur ces raccords n'est permise.
B27: =B26+1 -> 20 | C27: demonter et nettoyer la goutière en dessous de la table puis remonter.
B28: =+B27+1 -> 21 | C28: controler l'usure de la tole de transfert après la table et la remplacée au besoin.
B29: =B28+1 -> 22 | C29: controler l'arret d'huile du reducteur d'entrainment de la table et le remplacé au besoin. Aucune fuite d'huile n'est acceptable.
B30: =+B29+1 -> 23 | C30: controler le reglage des guides bouteilles sur le convoyeur juste avant la table et ajuster au besoin.
B31: =+B30+1 -> 24 | C31: demonter et nettoyer la goutière en dessous du convoyeur interne puis remonter.
B32: =B31+1 -> 25 | C32: controler l'arret d'huile du reducteur d'entrainement du convoyeur interne et le remplacé au besoin. Aucune fuite d'huile n'est acceptable.
B33: =+B32+1 -> 26 | C33: Controler le fonctionnement du vérin de blocage du vérin de blocage du convoyeur interne et remedier au problèmes rencontrés
B34: =B33+1 -> 27 | C34: controler le reglage des guides casiers à l'entrée et ajuster au besoin.
B35: =+B34+1 -> 28 | C35: Controler le fonctionnement du vérin de blocage à l'entrée et remedier aux problèmes rencontrés
B36: =B35+1 -> 29 | C36: controler l'état des silencieux du cadre des grappins, les nettoyés ou les remplacés au besoin. Aucun bruit anormal n'est autorisé.
B37: =+B36+1 -> 30 | C37: controler l'état des couirroies du guide frame et lesremplacés au besoin. Aucune fissure n'est acceptable sur ces courroies. Se rassurer que les cadres de protection des courroies sont bien montés.
B38: =B37+1 -> 31 | C38: controler l'arret d'huile du reducteur d'entrainement du guide frame et le remplacé au besoin. Aucune fuite d'huile n'est acceptable.
B39: =+B38+1 -> 32 | C39: controler l'ouverture et la fermeture de la vanne manuelle du bloc d'arrivée d'air de la machine et remplacer la au besoin.
B40: =B39+1 -> 33 | C40: demonter le filtre à l'interieur du silencieux et le nettoyer si nécessaire
B41: =+B40+1 -> 34 | C41: controler les fuites au niveau des raccords d'air du bloc d'arrivée d'air et les remplacés au besoin
B42: =B41+1 -> 35 | C42: Tester la machine
B43: =+B42+1 -> 36 | C43: Controler les éléments du remplacement de format et rassurer que tous les éléments sont presents
B44: =B43+1 -> 37 | C44: Ouvrir chaines du convoyeurs interne, nettoyer puis inspecter chaines, glissières, pignons, roues libres, retours chaines et roulements de paliers puis remplacer si necessaire
B45: =+B44+1 -> 38
B46: Commentaire | D46: Nom et Visa Intervenants | G46: Nom et Visa Responsables

Sheet Décaisseuse Quatherly
B3: CHECKLIST MECANIQUE | G3: =Date!B2 -> Week ... 2025
C4: DECAISSEUSE | D4: =+'Line & frequency'!C1 -> CHAINE 5 | G4: Trimestriel
B5: INTERVENANT | D5: KUETE
C6: Heure début:……………………………………………… Heure fin : ……………………………………… | E6: FAIT?
B7: N° | C7: DESCRIPTION DES TACHES | D7: Durée | E7: OUI | F7: NON | G7: REMARQUES (MATERIEL + PIECES)
B8: 1 | C8: controler l'état des engrenages à l'interieur du reducteur N°1 du chariot de levage et remplacer le réducteur complet au besoin
B9: =B8+1 -> 2 | C9: controler les roulements à l'interieur du reducteur N°1 du chariot de levage et les remplacés au besoin. Aucun jeu à l'inteurieur du réducteur n'est acceptable
B10: =+B9+1 -> 3 | C10: controler l'état des engrenages à l'interieur du reducteur N°2 du chariot de levageet remplacer le réducteur complet au besoin
B11: =B10+1 -> 4 | C11: controler les roulements à l'interieur du reducteur N°2 du chariot de levage et les remplacés au besoin. Aucun jeu à l'inteurieur du réducteur n'est acceptable
B12: =+B11+1 -> 5 | C12: controler l'état des engrenages du reducteur de la traverse et remplacer le réducteur complet au besoin
B13: =B12+1 -> 6 | C13: controler les roulements du réducteur de la traverse et les remplacés au besoin. Aucun jeu à l'inteurieur du réducteur n'est acceptable
B14: =+B13+1 -> 7 | C14: ouvrir, faire nettoyer et inspecter chaines à palettes, glissières, rails, pignons, arbre et roues libres de la table et remedier aux problèmes rencontrés.
B15: =B14+1 -> 8
B16: Commentaire | D16: Nom et Visa Intervenants | G16: Nom et Visa Responsables

Sheet Encaisseuse
B3: CHECKLIST MECANIQUE | G3: =Date!B2 -> Week ... 2025
C4: ENCAISSEUSE | D4: =+'Line & frequency'!C1 -> CHAINE 5 | G4: =+'Line & frequency'!C2 -> HEBDOMADAIRE
B5: INTERVENANT | D5: KUETE
C6: Heure début:……………………………………………… Heure fin : ……………………………………… | E6: FAIT?
B7: N° | C7: DESCRIPTION DES TACHES | D7: Durée | E7: OUI | F7: NON | G7: REMARQUES (MATERIEL + PIECES)
B8: 1 | C8: controler l'arret d'huile du reducteur principal et le remplacé au besoin. Aucune fuite d'huile n'est acceptable.
B9: =B8+1 -> 2 | C9: controler l'arret d'huile du reducteur numéro 2 et le remplacé au besoin. Aucune fuite d'huile n'est acceptable.
B10: =+B9+1 -> 3 | C10: controler les brides de serrage sur l'arbre des reducteurs principaux et remplacer au besoin
B11: =B10+1 -> 4 | C11: controler la fixation des tiges portant les freins de sécurité (haut et bas) et bien serrer au besoin.
B12: 5 | C12: controler les fuites sur les élements pneumatiques ( flexible, raccord , vérins…) de la trasverse
B13: =B12+1 -> 6 | C13: controler l'état des rouleaux de guidage, leurs roulements et circlips de la traverse et remedier au besoin
B14: =+B13+1 -> 7 | C14: controler l'état des roulements et paliers de la traverse et remedier au besoin
B15: =B14+1 -> 8 | C15: controler l'arret d'huile du reducteur d'entrainement de la traverse et le remplacé au besoin. Aucune fuite d'huile n'est acceptable.
B16: =+B15+1 -> 9 | C16: Controler la fixation et la tension des courroies de la traverse et remedier si necessaire
B17: =B16+1 -> 10 | C17: Controler l'etat des roues libres et pignons de la traverse, leurs manchons de serrage et remedier aux problèmes rencontrés
B18: =+B17+1 -> 11 | C18: contrôler l'état des roulements des rouleaux du support des grappins et remplacer au besoin. Aucun déséquilibre du chariot n'est autorisé.
B19: =B18+1 -> 12 | C19: contrôler les circlips des rouleaux du support des grappins et remplacer au besoin. Aucun déséquilibre du chariot n'est autorisé.
B20: =+B19+1 -> 13 | C20: controler les fuites au niveau du vérin et raccords et remedier au problème rencontrés
B21: =B20+1 -> 14 | C21: controler la prise et la pose des bouteilles sur la table. Utiliser la commande manuelle à l'HMI.
B22: =+B21+1 -> 15 | C22: controler l'état du silencieux sur l'electrovanne d'arrivée d'air sur les grappins et remplacer au besoin.
B23: =B22+1 -> 16 | C23: controler les fuites sur les raccords de l'electrovanne d'alimentation du distributeur d'air des grappins et les remediées au besoin. Aucune fuite sur ces raccords n'est permise.
B24: =+B23+1 -> 17 | C24: controler les fuites sur les raccords du distributeur d'air sur les grappins et les remediées au besoin. Aucune fuite sur ces raccords n'est permise.
B25: =B24+1 -> 18 | C25: demonter et nettoyer la goutière en dessous de la table puis remonter.
B26: =+B25+1 -> 19 | C26: controler l'usure de la tole de transfert avant la table et la remplacée au besoin.
B27: =B26+1 -> 20 | C27: controler l'arret d'huile du reducteur d'entrainment de la table et le remplacé au besoin. Aucune fuite d'huile n'est acceptable.
B28: =+B27+1 -> 21 | C28: controler le guidage des bouteilles sur la table et reparer au besoin
B29: =B28+1 -> 22 | C29: controler la fixation et le reglage des bouteilles dans les couloirs sur la table
B30: =+B29+1 -> 23 | C30: Controler le fonctionnement des deux vérins de blocage sur la table et remedier au problèmes rencontrés
B31: =B30+1 -> 24 | C31: controler le reglage des guides bouteilles sur le convoyeur juste avant la table et ajuster au besoin.
B32: =+B31+1 -> 25 | C32: demonter et nettoyer la goutière en dessous du convoyeur interne puis remonter.
B33: =B32+1 -> 26 | C33: controler l'arret d'huile du reducteur d'entrainement du convoyeur interne et le remplacé au besoin. Aucune fuite d'huile n'est acceptable.
B34: =+B33+1 -> 27 | C34: Controler le fonctionnement du vérin de blocage du vérin de blocage du convoyeur interne et remedier au problèmes rencontrés
B35: =B34+1 -> 28 | C35: controler le reglage des guides casiers à l'entrée et ajuster au besoin.
B36: =+B35+1 -> 29 | C36: Controler le fonctionnement du vérin de blocage à l'entrée et remedier aux problèmes rencontrés
B37: =B36+1 -> 30 | C37: controler l'état des silencieux du cadre des grappins, les nettoyés ou les remplacés au besoin. Aucun bruit anormal n'est autorisé.
B38: =+B37+1 -> 31 | C38: controler l'état des couirroies du guide frame et lesremplacés au besoin. Aucune fissure n'est acceptable sur ces courroies. Se rassurer que les cadres de protection des courroies sont bien montés.
B39: =B38+1 -> 32 | C39: controler l'arret d'huile du reducteur d'entrainement du guide frame et le remplacé au besoin. Aucune fuite d'huile n'est acceptable.
B40: =+B39+1 -> 33 | C40: controler l'ouverture et la fermeture de la vanne manuelle du bloc d'arrivée d'air de la machine et remplacer la au besoin.
B41: =B40+1 -> 34 | C41: demonter le filtre à l'interieur du silencieux et le nettoyer si nécessaire
B42: =+B41+1 -> 35 | C42: controler les fuites au niveau des raccords d'air du bloc d'arrivée d'air et les remplacés au besoin
B43: =B42+1 -> 36 | C43: Tester la machine
B44: =+B43+1 -> 37 | C44: Controler les éléments du remplacement de format et rassurer que tous les éléments sont presents
B45: =B44+1 -> 38 | C45: Ouvrir chaines du convoyeurs interne, nettoyer puis inspecter chaines, glissières, pignons, roues libres, retours chaines et roulements de paliers puis remplacer si necessaire
B46: =+B45+1 -> 39 | C46: Mesurer la profondeur entrre les tiges des grappins et leurs sièges et signaler si elle est superieur à 5mm
B47: =B46+1 -> 40 | C47: Inspecter la rampe de lubrification de la table; Deboucher les buses si elles sont bouchées
B48: Commentaire | D48: Nom et Visa Intervenants | G48: Nom et Visa Responsables

Sheet Encaisseuse Tri
B3: CHECKLIST MECANIQUE | G3: =Date!B2 -> Week ... 2025
C4: ENCAISSEUSE | D4: =+'Line & frequency'!C1 -> CHAINE 5 | G4: Trimestriel
B5: INTERVENANT | D5: KUETE
C6: Heure début:……………………………………………… Heure fin : ……………………………………… | E6: FAIT?
B7: N° | C7: DESCRIPTION DES TACHES | D7: Durée | E7: OUI | F7: NON | G7: REMARQUES (MATERIEL + PIECES)
B8: 1 | C8: controler l'état des roulements de paliers du chariot de levage et les remplacés au besoin
B9: =B8+1 -> 2 | C9: controler la fixation de la courroie sur le chariot et ameliorer sa fixation si necessaire.
B10: 3 | C10: controler l'état des roulements et paliers de la traverse et remedier au besoin
B11: 4 | C11: Controler la fixation et la tension des courroies de la traverse et remedier si necessaire
B12: =B11+1 -> 5 | C12: controler l'usure des courroies du chariot et remplacer les en cas de fissure. Aucune fissure n'est permise
B13: 6 | C13: controler l'usure des courroies de la traverse et remplacer les en cas de fissure. Aucune fissure n'est permise
B14: 7 | C14: controler le fonctionnement des vérins au dessus du chariot utilisés pour le changement de format
B15: =B14+1 -> 8 | C15: controler l'usure des chaines, pignons, roues libres, glissières, rails, roulements de paliers et pieds de convoyeurs de la 1ere table de chargement et les remplacées si necessaire
B16: 9 | C16: controler l'usure des chaines, pignons, roues libres, glissières, rails, roulements de paliers et pieds de convoyeurs du convoyeur interne et les remplacées si necessaire
B17: =B16+1 -> 10 | C17: controler les fuites sur le vérin de blocage de casiers à l'interieur du convoyeur interne
B18: 11 | C18: Nettoyer les pignons d'entrainement des courroies du guide frame
B19: =B18+1 -> 12 | C19: remplacer les courroies du guide frame et bien fixer les cadres de protection. Aucune casse de bouteille ne doit y parvenir.
B20: 13 | C20: controler l'état des roulements et paliers de l'arbre du moteur entrainant le guide frame et les remplacé si necessaire
B21: 14
B22: Commentaire | D22: Nom et Visa Intervenants | G22: Nom et Visa Responsables

Sheet Encaisseuse Semestriel
B3: CHECKLIST MECANIQUE | G3: =Date!B2 -> Week ... 2025
C4: ENCAISSEUSE | D4: =+'Line & frequency'!C1 -> CHAINE 5 | G4: Semestriel
B5: INTERVENANT | D5: JIOFACK
C6: Heure début:……………………………………………… Heure fin : ……………………………………… | E6: FAIT?
B7: N° | C7: DESCRIPTION DES TACHES | D7: Durée | E7: OUI | F7: NON | G7: REMARQUES (MATERIEL + PIECES)
B8: 1 | C8: controler l'usure des roues dentées du chariot et remplacées au besoin. Aucun glissement n'est acceptable.
B9: =B8+1 -> 2 | C9: controler l'usure des roues dentées de la traverse et remplacées au besoin. Aucun glissement n'est acceptable.
B10: =+B9+1 -> 3 | C10: controler l'usure sur la portée des roulements des demi arbres du chariot de levage et remplacer au besoin.
B11: =B10+1 -> 4 | C11: controler l'usure et la tension des courroies de la traverse et du chariot et remplacées si necessaire.
B12: =+B11+1 -> 5 | C12: controler l'usure des coulisseaux et des rails du guide frame et remplacer au besoin
B13: =B12+1 -> 6 | C13: controler l'usure des coulisseaux et des rails du didpositif de reglage à l'entrée et remplacer au besoin
B14: =+B13+1 -> 7 | C14: controler les roulements des roues dentées du dessus.
B15: =B14+1 -> 8 | C15: controler le débit d'envoie de la pompe de graisse et remedier au problème au besoin.
B16: =+B15+1 -> 9 | C16: controler la sortie de la graisse sur toutes les voies de sortie du distributeur et deboucher au besoin.
B17: =B16+1 -> 10
B18: =+B17+1 -> 11
B19: Commentaire | D19: Nom et Visa Intervenants | G19: Nom et Visa Responsables

Sheet Dépalettiseur
B3: CHECKLIST MECANIQUE | G3: =Date!B2 -> Week ... 2025
C4: DEPALETTISEUR | D4: =+'Line & frequency'!C1 -> CHAINE 5 | G4: =+'Line & frequency'!C2 -> HEBDOMADAIRE
B5: INTERVENANT | D5: TANKWA
C6: Heure début:……………………………………………… Heure fin : ……………………………………… | E6: FAIT?
B7: N° | C7: DESCRIPTION DES TACHES | D7: Durée | E7: OUI | F7: NON | G7: REMARQUES (MATERIEL + PIECES)
B8: 1 | C8: controler les brides de serrage sur l'arbre des reducteurs principaux et remplacer au besoin
B9: =B8+1 -> 2 | C9: controler la fixation des tiges portant les freins de sécurité (haut et bas) et bien serrer au besoin.
B10: 3 | C10: controler l'état des roulements de paliers du chariot de levage et les remplacés au besoin
B11: =B10+1 -> 4 | C11: controler la fixation des courroies sur le chariot de levage et ameliorer sa fixation si necessaire.
B12: 5 | C12: controler les fuites sur les élements pneumatiques de la trasverse etremedier au besoin
B13: 6 | C13: controler l'état des rouleaux de guidage, leurs roulements et circlips de la traverse et remedier au besoin
B14: 7 | C14: controler l'état des roulements et paliers de la traverse et remedier au besoin
B15: 8 | C15: Controler la fixation et la tension des courroies de la traverse et remedier si necessaire
B16: 9 | C16: Controler l'etat des roues libres et pignons de la traverse, leurs manchons de serrage et remedier aux problèmes rencontrés
B17: 10 | C17: controler le fonctionnement de la barre de stabilisation des casiers et reparer le clamp element au besoin
B18: 11 | C18: verifier l'alignement et le serrage des doigts par rapport aux casiers et les regler si necessaire
B19: 12 | C19: vérifier la présence du teflon en bout des doigts et faire fabriquer au besoin
B20: 13 | C20: Controler la fixation des slides 1 et 2 et remedier aux problèmes rencontrés
B21: 14 | C21: controler le guidage en translation ( galets de guidage, leurs roulements et circlip ) des slides 1 et 2 et remedier au beoin.
B22: 15 | C22: Controler l'usure des courroies des slides 1 et 2 et remplacer au besoin
B23: 16 | C23: controler le fonctionnement du vérin de blocage des caisers entre les tables et remplacer au besoin. Inspecter raccords du vérin et distributeur et remplacer si necessaire
... B48: 41 | C48: Controler les éléments du remplacement de format et rassurer que tous les éléments sont presents
B49: Commentaire | D49: Nom et Visa Intervenants | G49: Nom et Visa Responsables

Sheet Dépalettiseur Mensuel
B3: CHECKLIST MECANIQUE | G3: =Date!B2 -> Week ... 2025
C4: DEPALETTISEUR | D4: =+'Line & frequency'!C1 -> CHAINE 5 | G4: Mensuel
B5: INTERVENANT
C6: Heure début:……………………………………………… Heure fin : ……………………………………… | E6: FAIT?
B7: N° | C7: DESCRIPTION DES TACHES | D7: Durée | E7: OUI | F7: NON | G7: REMARQUES (MATERIEL + PIECES)
B8: 1 | C8: controler l'état des roulements / drive unit support carriage / transverse conveyor
B9: =B8+1 -> 2 | C9: controler l'usure des chaines de la 1ere table de chargement et les remplacées si necessaire / élements d'entrainement table 1 / table 1
B10: =+B9+1 -> 3 | C10: controler l'état des pignons et les remplacées si necessaire / élements d'entrainement table 1 / table 1
B11: =B10+1 -> 4 | C11: controler l'état des roues libres et les remplacées si necessaire / élements d'entrainement table 1 / table 1
B12: =+B11+1 -> 5 | C12: controler l'état des roulements et paliers des tapis et les remplacé si necessaire / élements d'entrainement table 1 / table 1
B13: =B12+1 -> 6 | C13: controler la tension des chaines et refaire les tendeurs au besoin. / élements d'entrainement table 1 / table 1
B14: =+B13+1 -> 7 | C14: controler l'état des glissères et les remplacées au besoin. Aucune glissère absente n'est acceptable / élements d'entrainement table 1 / table 1
B15: =B14+1 -> 8 | C15: controler la fixation des glissières. Les vis doivent etre noyés à l'interieur des glissières. / élements d'entrainement table 1 / table 1
B16: =+B15+1 -> 9 | C16: controler l'usure des rails et les remplacées au besoin. / élements d'entrainement table 1 / table 1
B17: =B16+1 -> 10 | C17: verifier la presence des pieds de convoyeurs, vérifier la fixation des convoyeur sur leur support. Aucune inclinaison n'est acceptable. / support des convoyeur / table 1
B18: =+B17+1 -> 11 | C18: controler l'usure des chaines de la 1ere table de chargement et les remplacées si necessaire / élements d'entrainement table 2 / table 2
B19: =B18+1 -> 12 | C19: controler l'état des pignons et les remplacées si necessaire / élements d'entrainement table 2 / table 2
B20: =+B19+1 -> 13 | C20: controler l'état des roues libres et les remplacées si necessaire / élements d'entrainement table 2 / table 2
B21: =B20+1 -> 14 | C21: controler l'état des roulements et paliers des tapis et les remplacé si necessaire / élements d'entrainement table 2 / table 2
B22: =+B21+1 -> 15 | C22: controler la tension des chaines et refaire les tendeurs au besoin. / élements d'entrainement table 2 / table 2
B23: =B22+1 -> 16 | C23: controler l'état des glissères et les remplacées au besoin. Aucune glissère absente n'est acceptable / élements d'entrainement table 2 / table 2
B24: =+B23+1 -> 17 | C24: controler l'usure des rails et les remplacées au besoin. / élements d'entrainement table 2 / table 2
B25: =B24+1 -> 18 | C25: verifier la presence des pieds de convoyeurs, vérifier la fixation des convoyeur sur leur support. Aucune inclinaison n'est acceptable. / support des convoyeur / table 2
B26: =+B25+1 -> 19 | C26: Mag pal / verifier la presence des pieds de convoyeurs, vérifier la fixation des convoyeur sur leur support. Aucune inclinaison n'est acceptable. / support des convoyeur / support des convoyeur
B27: =B26+1 -> 20 | C27: Mag pal / controler les dents des rouleaux et remplacer les au besoin. / rouleaux / rouleaux du magazin à palettes
B28: =B27+1 -> 21 | C28: Mag pal / Inspecter les moteurs du convoyeur rotatif et des rouleaux/ contrôler leur fixation
B29: =B28+1 -> 22 | C29: Convoy Palettes / controler l'usure du pignon et le remplacé au besoin. Aucune perte de mouvement n'est acceptable; / montage pivot / convoyeur rotatif
B30: =B29+1 -> 23 | C30: Convoy Palettes / controler l'usure du roulement et remplacer le au besoin. / montage pivot / convoyeur rotatif
B31: Commentaire | D31: Nom et Visa Intervenants | G31: Nom et Visa Responsables

Sheet Dépalettiseur Trmestriel
B3: CHECKLIST MECANIQUE | G3: =Date!B2 -> Week ... 2025
C4: DEPALETTISEUR | D4: =+'Line & frequency'!C1 -> CHAINE 5 | G4: Trimestriel
B5: INTERVENANT | D5: TANKWA
C6: Heure début:……………………………………………… Heure fin : ……………………………………… | E6: FAIT?
B7: N° | C7: DESCRIPTION DES TACHES | D7: Durée | E7: OUI | F7: NON | G7: REMARQUES (MATERIEL + PIECES)
B8: 1 | C8: controler l'état des roulements / drive unit support carriage / transverse conveyor
B9: =B8+1 -> 2 | C9: controler l'usure des chaines de la 1ere table de chargement et les remplacées si necessaire / élements d'entrainement table 1 / table 1
B10: =+B9+1 -> 3 | C10: controler l'état des pignons et les remplacées si necessaire / élements d'entrainement table 1 / table 1
B11: =B10+1 -> 4 | C11: controler l'état des roues libres et les remplacées si necessaire / élements d'entrainement table 1 / table 1
B12: =+B11+1 -> 5 | C12: controler l'état des roulements et paliers des tapis et les remplacé si necessaire / élements d'entrainement table 1 / table 1
B13: =B12+1 -> 6 | C13: controler la tension des chaines et refaire les tendeurs au besoin. / élements d'entrainement table 1 / table 1
B14: =+B13+1 -> 7 | C14: controler l'état des glissères et les remplacées au besoin. Aucune glissère absente n'est acceptable / élements d'entrainement table 1 / table 1
B15: =B14+1 -> 8 | C15: controler la fixation des glissières. Les vis doivent etre noyés à l'interieur des glissières. / élements d'entrainement table 1 / table 1
B16: =+B15+1 -> 9 | C16: controler l'usure des rails et les remplacées au besoin. / élements d'entrainement table 1 / table 1
B17: =B16+1 -> 10 | C17: verifier la presence des pieds de convoyeurs, vérifier la fixation des convoyeur sur leur support. Aucune inclinaison n'est acceptable. / support des convoyeur / table 1
B18: =+B17+1 -> 11 | C18: controler l'usure des chaines de la 1ere table de chargement et les remplacées si necessaire / élements d'entrainement table 2 / table 2
B19: =B18+1 -> 12 | C19: controler l'état des pignons et les remplacées si necessaire / élements d'entrainement table 2 / table 2
B20: =+B19+1 -> 13 | C20: controler l'état des roues libres et les remplacées si necessaire / élements d'entrainement table 2 / table 2
B21: =B20+1 -> 14 | C21: controler l'état des roulements et paliers des tapis et les remplacé si necessaire / élements d'entrainement table 2 / table 2
B22: =+B21+1 -> 15 | C22: controler la tension des chaines et refaire les tendeurs au besoin. / élements d'entrainement table 2 / table 2
B23: =B22+1 -> 16 | C23: controler l'état des glissères et les remplacées au besoin. Aucune glissère absente n'est acceptable / élements d'entrainement table 2 / table 2
B24: =+B23+1 -> 17 | C24: controler l'usure des rails et les remplacées au besoin. / élements d'entrainement table 2 / table 2
B25: =B24+1 -> 18 | C25: verifier la presence des pieds de convoyeurs, vérifier la fixation des convoyeur sur leur support. Aucune inclinaison n'est acceptable. / support des convoyeur / table 2
B26: =+B25+1 -> 19 | C26: Mag pal / verifier la presence des pieds de convoyeurs, vérifier la fixation des convoyeur sur leur support. Aucune inclinaison n'est acceptable. / support des convoyeur / support des convoyeur
B27: =B26+1 -> 20 | C27: Mag pal / controler les dents des rouleaux et remplacer les au besoin. / rouleaux / rouleaux du magazin à palettes
B28: =+B27+1 -> 21 | C28: Convoy Palettes / controler l'usure du pignon et le remplacé au besoin. Aucune perte de mouvement n'est acceptable; / montage pivot / convoyeur rotatif
B29: =B28+1 -> 22 | C29: Convoy Palettes / controler l'usure du roulement et remplacer le au besoin. / montage pivot / convoyeur rotatif
B30: =+B29+1 -> 23
B31: =B30+1 -> 24
B32: =B31+1 -> 25
B33: Commentaire | D33: Nom et Visa Intervenants | G33: Nom et Visa Responsables

Sheet Dépalettiseur Semestriel 
B3: CHECKLIST MECANIQUE | G3: =Date!B2 -> Week ... 2025
C4: DEPALETTISEUR | D4: =+'Line & frequency'!C1 -> CHAINE 5 | G4: Semestriel
B5: INTERVENANT | D5: TANKWA
C6: Heure début:……………………………………………… Heure fin : ……………………………………… | E6: FAIT?
B7: N° | C7: DESCRIPTION DES TACHES | D7: Durée | E7: OUI | F7: NON | G7: REMARQUES (MATERIEL + PIECES)
B8: 1 | C8: Faire la vidange systématique de l'huile dans les réducteurs principaux (si l'huile d'origine a dejà été remplacé)
B9: 2
B10: =B9+1 -> 3
B11: =+B10+1 -> 4
B12: =B11+1 -> 5
B13: 6
B14: 7
B15: =+B14+1 -> 8
B16: 9
B18: Commentaire | D18: Nom et Visa Intervenants | G18: Nom et Visa Responsables

Sheet Palettiseur
B3: CHECKLIST MECANIQUE | G3: =Date!B2 -> Week ... 2025
C4: PALETTISEUR | D4: =+'Line & frequency'!C1 -> CHAINE 5 | G4: =+'Line & frequency'!C2 -> HEBDOMADAIRE
B5: INTERVENANT
C6: Heure début:……………………………………………… Heure fin : ……………………………………… | E6: FAIT?
B7: N° | C7: DESCRIPTION DES TACHES | D7: Durée | E7: OUI | F7: NON | G7: REMARQUES (MATERIEL + PIECES)
B8: 1 | C8: controler les brides de serrage sur l'arbre des reducteurs principaux et remplacer au besoin
B9: =B8+1 -> 2 | C9: controler la fixation des tiges portant les freins de sécurité (haut et bas) et bien serrer au besoin.
B10: =+B9+1 -> 3 | C10: controler état des roulements du chariot et les remplacés au besoin
B11: =B10+1 -> 4 | C11: controler la fixation des courroies sur le chariot et ameliorer sa fixation si necessaire.
B12: =+B11+1 -> 5 | C12: controler l'etanchéité des distributeurs de graisse et les remplacés au besoin. Aucune fuite n'est acceptable
B13: =B12+1 -> 6 | C13: controler la pression d'air sur le pressostat du bloc regualteur
B14: =+B13+1 -> 7 | C14: controler l'état des rouleaux de guidage, leurs roulements et circlips de la traverse et remedier au besoin
B15: =B14+1 -> 8 | C15: controler l'état des roulements et paliers de la traverse et remedier au besoin
B16: =+B15+1 -> 9 | C16: controler l'état du rouleau entrainant la courroie lisse du poussoir
B17: =B16+1 -> 10 | C17: controler l'état des rouleaux , roulements et circlips de guidage du poussoir et remedier au besoin
B18: =+B17+1 -> 11 | C18: controler l'état des coulisseaux du poussoir et remedier au besoin
B19: =B18+1 -> 12 | C19: controler l'état des roulements des differents rouleaux tendeurs de la courroie verte
B20: =+B19+1 -> 13 | C20: controler l'état des rouleaux au dessus de la courroie verte et les remplacés si necessaire
B21: =B20+1 -> 14 | C21: controler l'usure de la courroie verte et la remplacée au besoin
B22: =+B21+1 -> 15 | C22: controler les fuites sur le vérin de blocage de casiers en dessous des rouleaux
B23: =B22+1 -> 16 | C23: controler les fuites d'air sur le distributeur en dessous des rouleaux
B24: =+B23+1 -> 17 | C24: controler l'usure de la tole de transfert entre les differents rouleaux au dessus des courroies vertes
B25: =B24+1 -> 18 | C25: controler la fixation et le reglage de la barre de blocage de casiers
B26: =+B25+1 -> 19 | C26: controler l'ajustement des pallets sur le convoyeur à pallets de la zone paletisation et le reglé au besoin
B27: =B26+1 -> 20 | C27: controler les fuites sur le vérin, sa fixation et le réglage de la plaque de blocage des pallets du convoyeur à palettes de la zone paletisation
B28: =+B27+1 -> 21 | C28: controler les fuites sur les vérins de blocage, controler leur fixation et remédier aux problèmes constatés.
B29: =B28+1 -> 22 | C29: controler l'état de tous les éléments pneumatiques de la tete de prehension (distributeur, limiteur de pression, clapet et raccords) et remdier au besoin
B30: =+B29+1 -> 23 | C30: controler la torsion des crochets de latete de prehension, les redressés si elles sont tordues ou les remplacés au besoin. Aucune torsion des crochets n'est acceptable.
B31: =B30+1 -> 24 | C31: controler la verticalité des tiges de guidage du grappin, les redressées au besoin. Aucune inclinaison n'est autorisée.
B32: =+B31+1 -> 25 | C32: controler le fonctionnement des vérins du cadre de centrage et remedier au problème si possible. Aucun verin en suspend n'est autorisée.
B33: =B32+1 -> 26 | C33: controler la fixation de tous les vérins du grappins, remedier aux problèmes rencontrés.
B34: =+B33+1 -> 27 | C34: controler l'ouverture et la fermeture de la vanne manuelle d'arrivée air dans la machine et remplacer la au besoin.
B35: =B34+1 -> 28 | C35: demonter le filtre à l'interieur du silencieux et le nettoyer si nécessaire
B36: =+B35+1 -> 29 | C36: Distr Casiers / controler toutes les palets du distributeur de casiers et les remplacés au besoin.
B37: =B36+1 -> 30 | C37: Distr Casiers / controler l'horizontalité des tiges et les redresser au besoin
B38: =+B37+1 -> 31 | C38: Distr Casiers / vérifier la fixation des tiges sur les maillons de chaines et remplacer l'anneau de fixation au besoin
B39: =B38+1 -> 32 | C39: Distr Casiers / controler les fuites sur le vérin de guidage des palettes, sa fixation remedier aux problèmes rencontrés.
B40: =+B39+1 -> 33 | C40: Distr Casiers / controler l'état des pignons moteur d'entrainement du distributeur de casiers et remplacer au besoin
B41: =B40+1 -> 34 | C41: Distr Casiers / controler l'état de la chaine motrice de transmission et son attache et les remplacer au besoin.
B42: =+B41+1 -> 35 | C42: Distr Casiers / controler la presence de toutes les billes de l'embrayage, tester son fonctionnement et remplacer le au besoin.
B43: =B42+1 -> 36 | C43: Distr Casiers / verifier que tous les rouleaux de transfert entrés et sortis tournent normamelent et remplacer les si les roulements sont absents.
B44: =+B43+1 -> 37 | C44: Convoy Palettes / controler les arret d'huile des reducteurs des convoyeurs à palettes et les remplacés au besoin. Aucune fuite d'huile n'est acceptable.
B45: =B44+1 -> 38 | C45: Convoy Palettes / controler l'usure des maillons de chaine 10b1 et remplacer la chaine au besoin.
B46: =+B45+1 -> 39 | C46: Convoy Palettes / controler la fixation des rouleaux et dents des rouleaux des convoyeurs à palettes et remplacer au besoin
B47: =B46+1 -> 40 | C47: Convoy Palettes / controler la fixtion des couvre chaines de tous les convoyeurs à palettes et bien les ranger au besoin. Aucune chaine ne doit frotter sur un couvre chaine.
B48: =+B47+1 -> 41 | C48: Convoy Palettes / controler le passage des palettes sur le convoyeur et ajuster au besoin. Les palettes ne doivent pas coincés sur le convoyeur.
B49: =B48+1 -> 42 | C49: Convoy Palettes / verifier la presence des pieds de convoyeurs, vérifier la fixation des convoyeur sur leur support. Aucune inclinaison n'est acceptable.
B50: =+B49+1 -> 43 | C50: Tester la machine
B51: =B50+1 -> 44 | C51: Controler les éléments du remplacement de format et rassurer que tous les éléments sont presents
B52: =+B51+1 -> 45 | C52: Se rassurer que les couvercles de protection des courroies de transmission petit et grand tapis soient bien fixés
B53: =B52+1 -> 46 | C53: Controler les supports de fixation du chariot et remplacer si necessaire
B54: =+B53+1 -> 47 | C54: Inspecter les pignons moteurs à deux rangées des convoyeurs à palettes et remplacés si necessaire
B55: =B54+1 -> 48 | C55: Inspecter les pieds supportant le grand tapis et remplacer les si necessaire
B56: Commentaire | D56: Nom et Visa Intervenants | G56: Nom et Visa Responsables

Sheet Palettiseur Trimestriel
B3: CHECKLIST MECANIQUE | G3: =Date!B2 -> Week ... 2025
C4: PALETTISEUR | D4: =+'Line & frequency'!C1 -> CHAINE 5 | G4: Trimestriel
B5: INTERVENANT | D5: TANKWA + NDOGMO
C6: Heure début:……………………………………………… Heure fin : ……………………………………… | E6: FAIT?
B7: N° | C7: DESCRIPTION DES TACHES | D7: Durée | E7: OUI | F7: NON | G7: REMARQUES (MATERIEL + PIECES)
B8: 1 | C8: controler les roues de renvoie, pignons, roulements de paliers, glissières et tendeurs du grand tapis. Controler l'etat du tapis et remplacer si necessaire
B9: 2 | C9: inspecter la torsion des rails du grand tapis et redresser les au besoin
B10: =B9+1 -> 3 | C10: controler l'état des rouleaux d'entrainement des courroies vertes, des rouleaux tedeurs et remplacé les au besoin
B11: =+B10+1 -> 4 | C11: controler l'usure des chaines et pignons des rouleaux des convoyeurs à palettes
B12: =B11+1 -> 5 | C12: controler la fixation des couvres chaines et repositionner celles qui sont absentes
B13: 6 | C13: verifier la presence des pieds dse convoyeurs à palettes, du grand tapis et de la table des rouleaux, remedier à leur fixation
B14: 7 | C14: Distr Casiers / controler l'usure des guides plats gauche et droit, guide pointu à l'entrée et remplacer les au besoin
B15: =+B14+1 -> 8 | C15: Distr Casiers / controler l'usure sur le guide plat coté gauche et remplacer si necessaire.
B16: 9 | C16: Distr Casiers / verifier la presence des pieds de convoyeurs, vérifier la fixation des convoyeur sur leur support. Aucune inclinaison n'est acceptable.
B18: Commentaire | D18: Nom et Visa Intervenants | G18: Nom et Visa Responsables

Sheet Palettiseur Semestriel
B3: CHECKLIST MECANIQUE | G3: =Date!B2 -> Week ... 2025
C4: PALETTISEUR | D4: =+'Line & frequency'!C1 -> CHAINE 5 | G4: Semestriel
B5: INTERVENANT | D5: TANKWA + NDOGMO
C6: Heure début:……………………………………………… Heure fin : ……………………………………… | E6: FAIT?
B7: N° | C7: DESCRIPTION DES TACHES | D7: Durée | E7: OUI | F7: NON | G7: REMARQUES (MATERIEL + PIECES)
B8: 1 | C8: Faire la vidange systématique de l'huile dans les réducteurs principaux (si l'huile d'origine a dejà été remplacé)
B9: 2
B10: =B9+1 -> 3
B11: =+B10+1 -> 4
B12: =B11+1 -> 5
B13: 6
B14: 7
B15: =+B14+1 -> 8
B16: 9
B18: Commentaire | D18: Nom et Visa Intervenants | G18: Nom et Visa Responsables

Sheet Etiqueteuse
B3: CHECKLIST MECANIQUE | G3: =Date!B2 -> Week ... 2025
C4: ETIQUETEUSE | D4: =+'Line & frequency'!C1 -> CHAINE 5 | G4: =+'Line & frequency'!C2 -> HEBDOMADAIRE
B5: INTERVENANT | D5: ITEMBE + NDOKO
C6: Heure début:……………………………………………… Heure fin : ……………………………………… | E6: FAIT?
B7: N° | C7: DESCRIPTION DES TACHES | D7: Durée | E7: OUI | F7: NON | G7: REMARQUES (MATERIEL + PIECES)
B8: 1 | C8: Contrôler usure vis de sélection et la remplacer si usée
B9: =B8+1 -> 2 | C9: S'assurer de l'absence de jeu au niveau du manchon de la vis de sélection
B10: =+B9+1 -> 3 | C10: S'assurer du bon serrage de la vis de fixation du manchon de la vis de sélection
B11: =B10+1 -> 4 | C11: S'assurer que le blocage des bouteilles s'effectue sans mouvement résiduel au niveau de la vis de sélection
B12: =+B11+1 -> 5 | C12: Contrôler le serrage des entretoises des étoiles d'entrée et de sortie
B13: =B12+1 -> 6 | C13: Démonter l'étoile d'entrée et vérifier l'état des vis de l'accouplement et le serrage
B14: =+B13+1 -> 7 | C14: Contrôler l'absence de jeu au niveau des supports des étoiles d'entrée et de sortie
B15: =B14+1 -> 8 | C15: Contrôler absence de jeu sur arbre d'entrainement des étoiles d'entrée, de sortie et de leur pignon respectif
B16: =+B15+1 -> 9 | C16: Vérifier absence écorchure ou déchirure sur la courroie de la vis de sélection
B17: =B16+1 -> 10 | C17: Faire tourner le moteur en manuel et s'assurer que la courroie de la vis de sélection ne frotte sur rien
B18: =+B17+1 -> 11 | C18: Vérifier absence de fuite sur le réducteur de la vis de sélection et contrôler état arrêt d'huile
B19: =B18+1 -> 12 | C19: Contrôler état glissières guides semi-circulaires à l'entrée et à la sortie de la machine
B20: =+B19+1 -> 13 | C20: Contrôler état glissière guides semi-circulaires à l'entrée et à la sortie
B21: =B20+1 -> 14 | C21: Contrôler et ajuster l'alignement de la tôle de transfert avec les sellettes à l'entrée et à la sortie
B22: =+B21+1 -> 15 | C22: Contrôler boulons de fixation des tôles de transfert à l'entrée et à la sortie
B23: =B22+1 -> 16 | C23: Couper, nettoyer, inspecter et réparer chaine à l'entrée et à la sortie de l'étiqueteuse
B24: =+B23+1 -> 17 | C24: Contrôler glissières et rails et remplacer éléments défectueux sur les convoyeurs à l'entrée et à la sortie de la machine
B25: =B24+1 -> 18 | C25: Contrôler étanchéité du réducteur des convoyeurs d'entrée et de sortie de la machine
B26: =+B25+1 -> 19 | C26: Contrôle état des roulements des 30 galets et remplacer si endommagé
B27: =B26+1 -> 20 | C27: Contrôler ressort de rappel des pistons et leur raideur
B28: =+B27+1 -> 21 | C28: Contrôler les colliers à ergot de fixation des têtes de pression
B29: =B28+1 -> 22 | C29: Contrôler usure des sellettes et les remplacer au besoin
B30: =+B29+1 -> 23 | C30: Contrôler étanchéité réducteur ajustement hauteur caroussel principal
B31: =B30+1 -> 24 | C31: Vérifier le serrage et la position des supports de brosses
B32: =+B31+1 -> 25 | C32: S'assurer que l'injection d'eau d'arrosage est fonctionnelle sur les brosses de lissage
B33: =B32+1 -> 26 | C33: Graisser les couronnes du train d'engrenage
B34: =+B33+1 -> 27 | C34: Contrôler les galets et remplacer roulement 628 et/ou galets sur tambour étiquettes
B35: =B34+1 -> 28 | C35: Contrôler ressorts commandes de came et les remplacer au besoin sur tambour étiquettes
B36: =+B35+1 -> 29 | C36: Contrôler usure coussinet en bronze des axes de commande et remplacer au besoin sur tambour étiquettes
B37: =B36+1 -> 30 | C37: Contrôler le jeu entre cames et axe support sur tambour étiquettes
B38: =+B37+1 -> 31 | C38: Contrôler les galets et remplacer roulement 628 et/ou galets sur tambour stagnoles/collerettes
B39: =B38+1 -> 32 | C39: Contrôler ressorts commandes de came et les remplacer au besoin sur tambour stagnoles/collerettes
B40: =+B39+1 -> 33 | C40: Contrôler usure coussinet en bronze des axes de commande et remplacer au besoin sur tambour stagnoles/collerettes
B41: =B40+1 -> 34 | C41: Contrôler le jeu entre cames et axe support sur tambour stagnoles/collerettes
B42: =+B41+1 -> 35 | C42: Contrôler barres de supports de griffes, redresser et/ou remplacer sur tous les tambours de la station 1
B43: =B42+1 -> 36 | C43: Redresser les griffes et ajuster leurs postion par rapport aux barres supports sur tous les tambours de la station 1
B44: =+B43+1 -> 37 | C44: Contrôler les éponges du cylindre de transfert et remplacer si nécessaire et/ou recoller sur tous les tambours de la station 1
B45: =B44+1 -> 38 | C45: S'assurer que l'injection d'eau d'arrosage est fonctionnelle sur la brosse des éponges du cylindre de transfert sur les tambours de la station 1
B46: =+B45+1 -> 39 | C46: Contrôler les ressorts de rappel dispositif de pose si stagnole et remplacer si nécessaire sur les tambours de la station 1
B47: =B46+1 -> 40 | C47: S'assurer que la rotation du rouleau encoleur s'effectue sans battement sur la station 1
B48: =+B47+1 -> 41 | C48: S'assurer du bon état de l'élément d'entrainement en rotation du rouleau encoleur (clavette,rainure, etc.) station 1
B49: =B48+1 -> 42 | C49: Ajuster la position des racleurs étiquettes et stagnoles à l'aide des tambours de réglage station 1
B50: =+B49+1 -> 43 | C50: Vérifier que les raccords et flexibles de la pompe à colle de la station 1 ne fuient pas et sont bien serrés
B51: =B50+1 -> 44 | C51: Contrôler que le caroussel à segments tourne sans battements station 1
B52: =+B51+1 -> 45 | C52: Contrôler le revêtement en caoutchouc des segments station 1 et le renforcer si début de décollement
B53: =B52+1 -> 46 | C53: Contrôler degré d'usure des segments station 1 et remplacer si nécessaire
B54: =+B53+1 -> 47 | C54: Contrôler le serrage des segments de la station 1 sur leurs axes et ajuster au besoin
B55: =B54+1 -> 48 | C55: Contrôler que les réducteurs du servo-moteur au-dessous de l'agrégat 1 ne fuit pas
B56: =+B55+1 -> 49 | C56: Ajuster la position des griffes des magasins à étiquettes et stagnoles de la station 1
B57: =B56+1 -> 50 | C57: Ajuster la position des griffes du magasin à contre-étiquettes de la station 2
B58: =+B57+1 -> 51 | C58: Contrôler état et raideur des ressorts des griffes des tambours de la station 1
B59: =B58+1 -> 52 | C59: Contrôler état et raideur des ressorts des griffes des tambours de la station 2
B60: =+B59+1 -> 53 | C60: Contrôler la corde des poussoirs à étiquettes/stagnoles station 1, tendre et/ou remplacer au besoin
B61: =B60+1 -> 54 | C61: Contrôler la fixation des ventouses sur la tige des bras (clip, etc.)
B62: =+B61+1 -> 55 | C62: Contrôler les flexibles et raccords de l'unité de traitement d'air et remplacer défectueux
B63: =B62+1 -> 56 | C63: Démonter, nettoyer et/ou remplacer silencieux bouché de l'unité de traitement d'air
B64: =+B63+1 -> 57 | C64: Prélever un échantillon des huiles des blocs d'agrégat et de la table et s'assurer qu'elles ne sont pas mélangées à de l'eau
B65: =B64+1 -> 58 | C65: Nettoyer les filtres sur les circuits de lubrification des blocs aggregats
B66: =+B65+1 -> 59 | C66: Tester la machine
B67: =B66+1 -> 60 | C67: S'assurer que l'huile de lubrification des blocs aggregats arrive au niveau des roulements des pallets
B68: =+B67+1 -> 61 | C68: S'assurer que l'huile de lubrification des blocs aggregats arrive au niveau des axes des cylindres de transfert
B69: =B68+1 -> 62 | C69: S'assurer que l'huile de lubrification des blocs aggregats arrive au niveau des rouleaux à colle
B70: =+B69+1 -> 63 | C70: Controler les éléments du remplacement de format et rassurer que tous les éléments sont presents
B71: =B70+1 -> 64 | C71: Se rassurer que les box en dessous de lamachine soit nettoyé
B72: =+B71+1 -> 65 | C72: Contrôler les deux couvercles de protections des roulements sur l'axe de l'etoile de sortie
B73: =B72+1 -> 66
B74: =+B73+1 -> 67
B75: =B74+1 -> 68
B76: Commentaire | D76: Nom et Visa Intervenants | G76: Nom et Visa Responsables

Sheet Etiqueteuse Mensuelle
B3: CHECKLIST MECANIQUE | G3: =Date!B2 -> Week ... 2025
C4: ETIQUETEUSE | D4: =+'Line & frequency'!C1 -> CHAINE 5 | G4: MENSUELLE
B5: INTERVENANT
C6: Heure début:……………………………………………… Heure fin : ……………………………………… | E6: FAIT?
B7: N° | C7: DESCRIPTION DES TACHES | D7: Durée | E7: OUI | F7: NON | G7: REMARQUES (MATERIEL + PIECES)
B8: 1 | C8: Vérifier à l'aide d'un gabarit que les tiges des pistons sont droites et centrées
B9: =B8+1 -> 2 | C9: Contrôler les flexibles et raccords de la pompe de lubrification
B10: =+B9+1 -> 3 | C10: Contrôler l'état des brosses et remplacer si usure avancé
B11: =B10+1 -> 4 | C11: Contrôler que les réducteurs des servo-moteurs au-dessous du caroussel principal ne fuient pas
B12: =+B11+1 -> 5 | C12: Contrôler les galets et remplacer roulement 628 et/ou galets sur tambour stagnoles/collerettes
B13: =B12+1 -> 6 | C13: Contrôler ressorts commandes de came et les remplacer au besoin sur tambour étiquettes de dos
B14: =+B13+1 -> 7 | C14: Contrôler usure coussinet en bronze des axes de commande et remplacer au besoin sur tambour étiquettes de dos
B15: =B14+1 -> 8 | C15: Contrôler le jeu entre cames et axe support sur tambour étiquettes de dos
B16: =+B15+1 -> 9 | C16: Tirer les éponges et graisser avec EP2 les coulisseaux du disposition de pose si cylindre stagnoles station 1
B17: =B16+1 -> 10 | C17: Contrôler barres de supports de griffes, redresser et/ou remplacer sur tous les tambours de la station 2
B18: =+B17+1 -> 11 | C18: Redresser les griffes et ajuster leurs postion par rapport aux barres supports sur tous les tambours de la station 2
B19: =B18+1 -> 12 | C19: Contrôler les éponges du cylindre de transfert et remplacer si nécessaire et/ou recoller sur tous les tambours de la station 2
B20: =+B19+1 -> 13 | C20: S'assurer que l'injection d'eau d'arrosage est fonctionnelle sur la brosse des éponges du cylindre de transfert sur les tambours de la station 2
B21: =B20+1 -> 14 | C21: Tirer les éponges et graisser avec EP2 les coulisseaux du disposition de pose si cylindre stagnoles station 2
B22: =+B21+1 -> 15 | C22: S'assurer que la rotation du rouleau encoleur s'effectue sans battement sur la station 2
B23: =B22+1 -> 16 | C23: S'assurer du bon état de l'élément d'entrainement en rotation du rouleau encoleur (clavette,rainure, etc.) station 2
B24: =+B23+1 -> 17 | C24: Ajuster la position des racleurs étiquettes et stagnoles à l'aide des tambours de réglage station 2
B25: =B24+1 -> 18 | C25: Vérifier que les raccords et flexibles de la pompe à colle de la station 2 ne fuient pas et sont bien serrés
B26: =+B25+1 -> 19 | C26: Contrôler que le caroussel à segments tourne sans battements station 2
B27: =B26+1 -> 20 | C27: Contrôler le revêtement en caoutchouc des segments station 2 et le renforcer si début de décollement
B28: =+B27+1 -> 21 | C28: Contrôler degré d'usure des segments station 2 et remplacer si nécessaire
B29: =B28+1 -> 22 | C29: Contrôler le serrage des segments de la station 2 sur leurs axes et ajuster au besoin
B30: =+B29+1 -> 23 | C30: Vérifier que les raccords et flexibles de la pompe mécanique de l'agrégat de la station 1 ne fuient pas,sont bien serrés et que la pompe refoule bien
B31: =B30+1 -> 24 | C31: Contrôler la raideur des ressorts de rappel du poussoir étiquettes de dos station 2 et remplacer au besoin
B32: =+B31+1 -> 25 | C32: Dépressuriser le circuit puis démonter la cartouche de filtre à air et la nettoyer
B33: =B32+1 -> 26 | C33: Contrôler canalisations, raccords et flexibles CIP au niveau du rouleau encoleur, entonnoir de retour colle, segments, cylindres de transfert, etc.
B34: =+B33+1 -> 27 | C34: Inspecter les manchons en dessous des arbres des segments et remplacer si necessaire
B35: =B34+1 -> 28 | C35: Serrer les vis de fixation des cames du carrousel
B36: =+B35+1 -> 29
B37: Commentaire | D37: Nom et Visa Intervenants | G37: Nom et Visa Responsables

Sheet Etiqueteuse Trimestrielle
B3: CHECKLIST MECANIQUE | G3: =Date!B2 -> Week ... 2025
C4: ETIQUETEUSE | D4: =+'Line & frequency'!C1 -> CHAINE 5 | G4: Trimestrielle
B5: INTERVENANT | D5: ITEMBE
C6: Heure début:……………………………………………… Heure fin : ……………………………………… | E6: FAIT?
B7: N° | C7: DESCRIPTION DES TACHES | D7: Durée | E7: OUI | F7: NON | G7: REMARQUES (MATERIEL + PIECES)
B8: 1 | C8: Contrôler usure étoile d'entrée et de sortie et remplacer si nécessaire
B9: =B8+1 -> 2 | C9: Démonter courroie vis de sélection et vérifier absence bavures sur poulies d'entrainement
B10: =+B9+1 -> 3 | C10: Contrôler serrage des supports des piston du caroussel principal
B11: =B10+1 -> 4 | C11: Demonter couvercle des pistons du carrousel, et inspecter la course de tous les galets des pistons du caroussel principal
B12: =+B11+1 -> 5 | C12: Serrer les fixations des supports de tous les tambours station 1
B13: =B12+1 -> 6 | C13: Serrer les fixations des supports de tous les tambours station 2
B14: =+B13+1 -> 7 | C14: Contrôler l'orientation du support des magasins à étiquettes/stagnoles station 1 et ajuster si nécessaire au niveau de sa fixation
B15: =B14+1 -> 8 | C15: Démonter les bras et Contrôler l'état d'usure des galets de came ainsi que celui de leur axe
B16: =+B15+1 -> 9 | C16: Contrôler le blocage en translation de l'axe du galet de came (vis de pression)
B17: =B16+1 -> 10 | C17: Démonter les bras et Contrôler l'état d'usure des galets supports ainsi que celui de leur axe
B18: =+B17+1 -> 11 | C18: Remplacer les membranes des ventouses
B19: =B18+1 -> 12 | C19: Contrôler serrage et intégrité des articulations du bras télescopique de l'IHM
B20: =+B19+1 -> 13 | C20: Inspecter,serrer et lubrifier paumelles portières de sécurité
B21: =B20+1 -> 14 | C21: Inspecter et serrer supports capteurs portières de sécurité
B22: =+B21+1 -> 15
B23: =B22+1 -> 16
B24: =+B23+1 -> 17
B25: Commentaire | D25: Nom et Visa Intervenants | G25: Nom et Visa Responsables

Sheet Etiqueteuse Semestriel
B3: CHECKLIST MECANIQUE | G3: =Date!B2 -> Week ... 2025
C4: ETIQUETEUSE | D4: =+'Line & frequency'!C1 -> CHAINE 5 | G4: Semestriel
B5: INTERVENANT | D5: ITEMBE
C6: Heure début:……………………………………………… Heure fin : ……………………………………… | E6: FAIT?
B7: N° | C7: DESCRIPTION DES TACHES | D7: Durée | E7: OUI | F7: NON | G7: REMARQUES (MATERIEL + PIECES)
B8: 1 | C8: Remplacer éléments d'usure des tetes de pression du carrousel
B9: =B8+1 -> 2 | C9: Remplacer les joints sur l'axe du foiling cup; Inspecter les roulements
B10: =+B9+1 -> 3
B11: =B10+1 -> 4
B12: =+B11+1 -> 5
B13: Commentaire | D13: Nom et Visa Intervenants | G13: Nom et Visa Responsables

Sheet Lave-caisses
B3: CHECKLIST MECANIQUE | G3: =Date!B2 -> Week ... 2025
C4: LAVE-CAISSES | D4: =+'Line & frequency'!C1 -> CHAINE 5 | G4: HEBDOMADAIRE
B5: INTERVENANT
C6: Heure début:……………………………………………… Heure fin : ……………………………………… | E6: FAIT?
B7: N° | C7: DESCRIPTION DES TACHES | D7: Durée | E7: OUI | F7: NON | G7: REMARQUES (MATERIEL + PIECES)
B8: 1 | C8: Controler maillons de chaines, glissières, pignon et roue libre du convoyeur interne et remplacer si necessaire
B9: =B8+1 -> 2 | C9: Demonter et nettoyer filtres situé avant les pompes des bains
B10: =+B9+1 -> 3 | C10: Controler la fixation des guides incurvés à l'entrée et à la sortie de la machine et remedier si necessaire
B11: =B10+1 -> 4 | C11: Controler le jet de toutes les buses et remedier si necessaire
B12: =+B11+1 -> 5 | C12: controler la pression à la sortie des pompes et deboucher les canalisations au besoin
B13: =B12+1 -> 6 | C13: Controler l'état des rails et des glissières du convoyeur interne
B14: =+B13+1 -> 7
B15: =B14+1 -> 8
B16: Commentaire | D16: Nom et Visa Intervenants | G16: Nom et Visa Responsables

Sheet Lave-caisses Mensuelle
B3: CHECKLIST MECANIQUE | G3: =Date!B2 -> Week ... 2025
C4: LAVE-CAISSES | D4: =+'Line & frequency'!C1 -> CHAINE 5 | G4: MENSUELLE
B5: INTERVENANT | D5: NAHEU
C6: Heure début:……………………………………………… Heure fin : ……………………………………… | E6: FAIT?
B7: N° | C7: DESCRIPTION DES TACHES | D7: Durée | E7: OUI | F7: NON | G7: REMARQUES (MATERIEL + PIECES)
B8: 1 | C8: Graisser les roulements de paliers du convoyeur interne de la lave caisse
B9: =B8+1 -> 2 | C9: Graisser les roulements de paliers du tapis extracteur N°1
B10: 3 | C10: Graisser les roulements de paliers du tapis extracteur N°2
B16: Commentaire | D16: Nom et Visa Intervenants | G16: Nom et Visa Responsables

Sheet Laveuse
B3: CHECKLIST MECANIQUE | G3: =Date!B2 -> Week ... 2025
C4: LAVEUSE BOUTEILLES | D4: =+'Line & frequency'!C1 -> CHAINE 5 | G4: =+'Line & frequency'!C2 -> HEBDOMADAIRE
B5: INTERVENANT
C6: Heure début:……………………………………………… Heure fin : ……………………………………… | E6: FAIT?
B7: N° | C7: DESCRIPTION DES TACHES | D7: Durée | E7: OUI | F7: NON | G7: REMARQUES (MATERIEL + PIECES)
B8: 1 | C8: Inspecter toutes les glaces de la laveuse et s'assurer qu'elles sont en bon état et bien ajustées
B9: =B8+1 -> 2 | C9: Contrôler fixation et l'usure des guides bouteilles et doigts sortie laveuse et renforcer/ajuster ceux qui bougent et remplacer si necessaire
B10: 3 | C10: Vérifier serrage accouplement encodeur Discharge et sa courroie d'entrainement
B11: =+B10+1 -> 4 | C11: Contrôler axes branleurs et roulements table d'accumulation Infeed et vérifier qu'ils sont bien soudés et simuler le mouvement
B12: =B11+1 -> 5 | C12: Contrôler ressorts Infeed et vérifier serrage supports et la tension du ressort et remplacer si necessaire
B13: =+B12+1 -> 6 | C13: Contrôler ressorts Décharge et vérifier serrage supports et la tension remplacer si necessaire
B14: =B13+1 -> 7 | C14: Contrôler l'usure des 2 courroies de l'Infeed et vérifier serrage accouplement / Contrôler aussi serrage bielle et de son support et remplacer si necessaire
B15: =B14+1 -> 8 | C15: Nettoyer les pignons des courroies de l'infeed et se rassurer d'eliminer tout blocage à la rotation des courroies
B16: =B15+1 -> 9 | C16: Contrôler l'usure des doigts de l'Infeed, leur serrage et rechercher des fissures éventuelles et remplacer si necessaire
B17: =B16+1 -> 10 | C17: Démonter les injecteurs internes des zones de rinçage ( A, B , C et bain 6 ) et les nettoyer
B18: =B17+1 -> 11 | C18: Inspecter les injecteurs interne des bains de soude ( Bains 1 à 5 ) et réparer si fuite
B19: =B18+1 -> 12 | C19: Inspecter systématiquement tous les injecteurs externes ( monthly )
B20: =B19+1 -> 13 | C20: S'assurer que les bains de soude ne sont pas chauffés à plus de 80°C (risque d'endommagement des joints)
B21: =B20+1 -> 14 | C21: Contrôler niveau d'huile hydraulique dans le réservoir ( Hors service pour le moment )
B22: =B21+1 -> 15 | C22: Contrôler étanchéité raccords ,flexibles hydrauliques et purger conduite ( Hors service pour le moment )
B23: =B22+1 -> 16 | C23: Contrôler étanchéité du vérin hydraulique (le faire jouer manuellement en avant et arrière) ( Hors service pour le moment )
B24: =B23+1 -> 17 | C24: Vérifier systématiquement tous les roulements de l'Infeed
B25: =B24+1 -> 18 | C25: Vérifier systématiquement les roulements de la décharge
... B38: =B37+1 -> 31 | C38: Démonter la tôle de protection des courroies de l'infeed. Graisser manuellement le roulement interne sur l'arbre d'entrainement des doigts
B39: Commentaire | D39: Nom et Visa Intervenants | G39: Nom et Visa Responsables

Sheet Laveuse MENSUELLE
B3: CHECKLIST MECANIQUE | G3: =Date!B2 -> Week ... 2025
C4: LAVEUSE BOUTEILLES | D4: =+'Line & frequency'!C1 -> CHAINE 5 | G4: MENSUELLE
B5: INTERVENANT
C6: Heure début:……………………………………………… Heure fin : ……………………………………… | E6: FAIT?
B7: N° | C7: DESCRIPTION DES TACHES | D7: Durée | E7: OUI | F7: NON | G7: REMARQUES (MATERIEL + PIECES)
B8: 1 | C8: Inspecter portières de sécurité sortie laveuse (glaces, rails, poignées, etc.)
B9: =B8+1 -> 2 | C9: Vérifier serrage accouplement biconique arbre infeed
B10: =+B9+1 -> 3 | C10: Contrôler fuite et fixation vérin de sécurité de l'Infeed et s'assurer que la pression d'alimentation en air n'excède pas 2 bar
B11: =B10+1 -> 4 | C11: Contrôler fuite et fixation vérin de sécurité de la sortie et s'assurer que la pression d'alimentation en air n'excède pas 2 bar
B12: =+B11+1 -> 5 | C12: Enlever cache et contrôler courroies trapézoïdales des pompes BP des bains de soude / Régler aussi leur tension
B13: =B12+1 -> 6 | C13: Transférer bains de soude, éliminer fond boueux et nettoyer le bain
B14: =+B13+1 -> 7 | C14: Contrôler degré d'allongement de la chaine (estimation mou) lors du nettoyage mensuel du fond boueux des bains
B15: =B14+1 -> 8 | C15: Contrôler état, éléments guidage et tension des tapis d'extraction des étiquettes
B16: =+B15+1 -> 9 | C16: Contrôler les injecteurs des tambours et s'assurer qu'ils ne sont pas bouchés
B17: =B16+1 -> 10 | C17: Faire une inspection générale des manomètres de la laveuse (blocs d'extraction d'étiquettes, conduites d'eau, d'air, de vapeur, etc.) / Vérifier présence d'huile dans le manomètre
B18: =+B17+1 -> 11 | C18: Faire une inspection générale d'étanchéité des vannes manuelles et pneumatiques de la laveuse
B19: =B18+1 -> 12 | C19: Tester la machine
B20: =+B19+1 -> 13 | C20: Remplacer les joints manquants à l'interieur des alveoles
B21: =B20+1 -> 14 | C21: Inspecter la fixation des guides chaines en dessous des chaines à l'entrée et remedier si necessaire
B22: =+B21+1 -> 15 | C22: Controler rails de guidage des alveoles des bains de pretrempage et rincage
B23: =B22+1 -> 16 | C23: Nettoyer au karcher les embases des doigts à la decharge. Se rassurer que tous les embases soient libres autour de l'axe.
B24: Commentaire | D24: Nom et Visa Intervenants | G24: Nom et Visa Responsables

Sheet Laveuse tri
B3: CHECKLIST MECANIQUE | G3: =Date!B2 -> Week ... 2025
C4: LAVEUSE BOUTEILLES | D4: =+'Line & frequency'!C1 -> CHAINE 5 | G4: Trimestrielle
B5: INTERVENANT
C6: Heure début:……………………………………………… Heure fin : ……………………………………… | E6: FAIT?
B7: N° | C7: DESCRIPTION DES TACHES | D7: Durée | E7: OUI | F7: NON | G7: REMARQUES (MATERIEL + PIECES)
B8: 1 | C8: Inspecter et réparer les déviateurs des bouteilles avant la table de chargement de la laveuse
B9: =B8+1 -> 2 | C9: Démonter, nettoyer et contrôler toutes les conduites de prélèvement de soude par le laboratoire
B10: =+B9+1 -> 3 | C10: Contrôler et ajuster les tôles de transfert de la table d'accumulation de l'entrée laveuse
B11: =B10+1 -> 4 | C11: Contrôler les vannes pneumatique de l'unité de dosage de soude et éliminer les fuites éventuelles
B12: =+B11+1 -> 5 | C12: Démonter et nettoyer la turbine de la pompe de dosage de soude
B13: =B12+1 -> 6 | C13: Démonter la pompe de rinçage Zone A à partir des brides et nettoyer sa turbine
B14: =+B13+1 -> 7 | C14: Démonter la pompe de rinçage Zone B à partir des brides et nettoyer sa turbine
B15: =B14+1 -> 8 | C15: Démonter la pompe de rinçage Zone C à partir des brides et nettoyer sa turbine
B16: =+B15+1 -> 9 | C16: Contrôler l'état de tous les tamis des zones de rinçage
B17: =B16+1 -> 10 | C17: Contrôler l'étanchéité de la pompe de transfert de soude
B18: =+B17+1 -> 11 | C18: Contrôler et ajuster position doigts anti-blocage des bouteilles derrière l'Infeed (accessible par trou d'homme)
B19: =B18+1 -> 12 | C19: Contrôler et ajuster position doigts de sécurité d'éjection des bouteilles après décharge (accessible par trou d'homme)
B20: =+B19+1 -> 13 | C20: Inspecter les fuites d'air au dessus du bac de recuperation de la soude et remedier si necessaire
B21: =B20+1 -> 14 | C21: Demonter 10 rampes d'alveoles et controler rails de guidage des alveoles des bains de soude
B22: =B21+1 -> 15 | C22: Eliminer la cause de renversement des bouteilles à la sortie; Contrôler que les guides bouteilles à la sortie ne cognent sur aucune bouteilles ou casses.
B23: Commentaire | D23: Nom et Visa Intervenants | G23: Nom et Visa Responsables

Sheet Pasteurisateur
B3: CHECKLIST MECANIQUE | G3: =Date!B2 -> Week ... 2025
C4: PASTEURISATEUR | D4: =+'Line & frequency'!C1 -> CHAINE 5 | G4: Hbedomadaire
B5: INTERVENANT
C6: Heure début:……………………………………………… Heure fin : ……………………………………… | E6: FAIT?
B7: N° | C7: DESCRIPTION DES TACHES | D7: Durée | E7: OUI | F7: NON | G7: REMARQUES (MATERIEL + PIECES)
B8: 1 | C8: Vérifier le fonctionnement des 10 pompes d'injection
B9: =B8+1 -> 2 | C9: Contrôler les capteurs des différents bains
B10: =+B9+1 -> 3 | C10: Faire une inpection d'étanchéité de la pompe d'eau chaude
B11: =B10+1 -> 4 | C11: Faire une inpection d'étanchéité de la pompe d'eau froide
B12: =+B11+1 -> 5 | C12: Faire une inspection générale des manomètres de la machine/Vérifier présence huile cadrant
B13: =B12+1 -> 6 | C13: S'assurer que la vanne à volant d'arrivée vapeur DN100 s'ouvre et se ferme normalement
B14: =+B13+1 -> 7 | C14: Faire une inspection générale du circuit vapeur et éliminer les fuites éventuelles / Contrôler aussi purgeurs
B15: =B14+1 -> 8 | C15: Contrôler et ajuster la position des tôles de transfert externes à l'entrée et à la sortie
B16: =+B15+1 -> 9 | C16: Contrôler et ajuster la position des tôles de transfert internes à l'entrée et à la sortie
B17: =B16+1 -> 10 | C17: Contrôler, ajuster et réparer guides et glissières bouteilles entrée et sortie pasteurisateur
B18: =+B17+1 -> 11 | C18: Inspecter les injecteurs et déboucher les buses d'injection
B19: =B18+1 -> 12 | C19: Contrôler portières de sécurité et fenêtres d'inspection de la machine
B20: =+B19+1 -> 13 | C20: Controler le serrage des écrous des tendeurs et leurs supports et remedier.
B21: =B20+1 -> 14 | C21: Tester la machine
B22: =+B21+1 -> 15 | C22: Controler la pompe retour condensat et se rassurer qu'elle ne presente aucune fuite
B23: =B22+1 -> 16 | C23: Faire une inspection générale du manomètre du filtre à l'entrée de l'echangeur thermique. Si P>1 bar, nettoyer le filtre
B24: Commentaire | D24: Nom et Visa Intervenants | G24: Nom et Visa Responsables

Sheet Soutireuse
B3: CHECKLIST MECANIQUE | G3: =Date!B2 -> Week ... 2025
C4: SOUTIREUSE | D4: =+'Line & frequency'!C1 -> CHAINE 5 | G4: =+'Line & frequency'!C2 -> HEBDOMADAIRE
B5: INTERVENANT | D5: CHOUAGOUE
C6: Heure début:……………………………………………… Heure fin : ……………………………………… | E6: FAIT?
B7: N° | C7: DESCRIPTION DES TACHES | D7: Durée | E7: OUI | F7: NON | G7: REMARQUES (MATERIEL + PIECES)
B8: 1 | C8: Vérifier que les joints de tulipes sont encore en bon état
B9: =B8+1 -> 2 | C9: Contrôler que les porte-joints de tulipes sont encore intacts
B10: =+B9+1 -> 3 | C10: Vérifier que les petites bagues de guidage des axes sont en place
B11: =B10+1 -> 4 | C11: Vérifier que les axes de guidage des robinets sont droits
B12: =+B11+1 -> 5 | C12: S'assurer que la pression d'alimentation des électrovannes de remplissage A,B et C est normale
B13: =B12+1 -> 6 | C13: Eliminer fuites d'air sur flexibles mise à vide, compression et décompression et remplacer raccords rapides défectueux
B14: =+B13+1 -> 7 | C14: Couper, nettoyer, inspecter et réparer les convoyeurs à l'entrée et à la sortie de la machine
B15: =B14+1 -> 8 | C15: Rechercher fuites d'air sur vérin étoile de blocage et les étancher
B16: =+B15+1 -> 9 | C16: Commander manuellement le vérin de l'étoile de blocage des bouteilles et vérifier si le blocage et le relâchement sont effectifs
B17: =B16+1 -> 10 | C17: Contrôler l'usure des encoches de l'étoile de blocage et voir si elle est encore acceptable (blocage ferme)
B18: =+B17+1 -> 11 | C18: Contrôler l'usure des guides et glissières de guides droits et circulaire de la vis de sélection à la sortie boucheuse
B19: =B18+1 -> 12 | C19: Vérifier alignement des tôles de transfert avec sellettes et vérifier que les supports sont intacts
B20: =+B19+1 -> 13 | C20: Couper, nettoyer, inspecter et réparer des chaines d'entrée et sortie soutireuse
B21: =B20+1 -> 14 | C21: S'assurer que la pression d'alimentation des pistons est normale
B22: =+B21+1 -> 15 | C22: Contrôler la courroie de la vis de selection et ajuster sa tension si necessaire
B23: =B22+1 -> 16 | C23: Contrôler serrage tendeur et état des roulements
B24: =+B23+1 -> 17 | C24: S'assurer que la tuyauterie d'évacuation d'eau de la pompe à vide n'est pas rouillée
B25: =B24+1 -> 18 | C25: Contrôler que les buses de nettoyage des casses d'explosion fonctionnent bien et qu'elles sont actives
B26: =+B25+1 -> 19 | C26: S'assurer que toutes les plaques de séparation des robinets de remplissage sont en place
B27: =B26+1 -> 20 | C27: Contrôler l'état des sellettes et des bagues de fixation
B28: =+B27+1 -> 21 | C28: Contrôler fixation vibreur de capsule
B29: =B28+1 -> 22 | C29: Contrôler l'étanchéité et la course des vérins de la colonne de descente des capsules
B30: =+B29+1 -> 23 | C30: Contrôler étanchéité et course tige vérin blocage capsules en fin de colonne - Simuler fonctionnement avec capsules
B31: =B30+1 -> 24 | C31: S'assurer que le souffleur de capsules fonctionne bien et automatiquement
B32: =+B31+1 -> 25 | C32: Inspecter colonne de descente des capsules depuis le tambour jusqu'au point de sertissage et corriger défauts mécaniques
B33: =B32+1 -> 26 | C33: Démonter retourneur de capsules pour inspection et se rassurer que les surfaces intérieures sont lisses
B34: =+B33+1 -> 27 | C34: Contrôler le module de vibration du retourneur de capsules / Simuler distributeur module
B35: =B34+1 -> 28 | C35: Contrôler vannes - CV01 et PV01 prioritaires - raccords, détendeur et manomètres sur la conduite de bière et éliminer toutes les fuites
B36: =+B35+1 -> 29 | C36: Contrôler vannes,raccords, régulateurs et manomètres sur la conduite de CO2 et éliminer toutes les fuites
B37: =B36+1 -> 30 | C37: Contrôler vannes,raccords, détendeur et manomètres sur la conduite d'air et éliminer toutes les fuites
B38: =+B37+1 -> 31 | C38: Contrôler vannes et raccords conduite CIP
B39: =B38+1 -> 32 | C39: Graisser manuellement tous les points de graissage de la colonne de la boucheuse.
B40: =+B39+1 -> 33 | C40: Tester la machine
B41: =B40+1 -> 34 | C41: Controler les éléments du remplacement de format et rassurer que tous les éléments sont presents
B42: =+B41+1 -> 35 | C42: Controler le serrage de tous les ecrous de fixation des pistons et serrer au besoin.
B43: =B42+1 -> 36 | C43: Controler les raccords en T d'alimentation des pistons et remplacer au besoin.
B44: =+B43+1 -> 37 | C44: Nettoyer puis souffler à l'air le filtre en dessous de la vanne manuelle d'arrivée d'eau dans le bac à eau de la pompe à vide
B45: =B44+1 -> 38 | C45: Faire appoint d'huile des pistons
B46: 39 | C46: Nettoyer le tambour et la colonne de capsules
B47: 40 | C47: Contrôler l'etancheité sur les blocs des robinets; remplacer membranes au besoin
B48: 41 | C48: Contrôler la fixation de la plaque de liaison à la fin de la colonne de capsules; Corriger toute anomalie
B49: 42 | C49: Inspecter le bac à capsules et se rassurer qu'aucun fer n'est dessoudé
B50: 43 | C50: Controler le serrage des vis des demi lunes en dessous des pistons de la lboucheuse
B51: Commentaire | D51: Nom et Visa Intervenants | G51: Nom et Visa Responsables

Sheet Soutireuse Mensuel
B3: CHECKLIST MECANIQUE | G3: =Date!B2 -> Week ... 2025
C4: SOUTIREUSE | D4: =+'Line & frequency'!C1 -> CHAINE 5 | G4: MENSUELLE
B5: INTERVENANT | D5: CHOUAGOUE
C6: Heure début:……………………………………………… Heure fin : ……………………………………… | E6: FAIT?
B7: N° | C7: DESCRIPTION DES TACHES | D7: Durée | E7: OUI | F7: NON | G7: REMARQUES (MATERIEL + PIECES)
B8: 1 | C8: Contrôler la goupille de l'axe de la vis de sélection
B9: =B8+1 -> 2 | C9: Contrôler l'usure du corps de la vis de sélection
B10: =+B9+1 -> 3 | C10: Contrôler l'étanchéité de tous les pistons du carousel de la soutireuse
B11: =B10+1 -> 4 | C11: Contrôler moto-réducteurs train d'engrenage avant et du carousel principal (fuite d'huile, battements, roulements cassés, etc.)
B12: =+B11+1 -> 5 | C12: Contrôler l'accouplement de la pompe à vide et ses roulements avant et arrière (serrage boulons, présence cylinbloc, etc.)
B13: =B12+1 -> 6 | C13: Vérifier le serrage des brides de la tuyauterie d'aspiration et de refoulement de la pompe à vide
B14: =+B13+1 -> 7 | C14: Contrôler serrage et usure des étoiles et guides de la boucheuse
B15: =B14+1 -> 8 | C15: Contrôler le tapis d'élévation des capsules et son guidage
B16: =+B15+1 -> 9 | C16: Démonter, nettoyer et inspectrer filtres sur conduite CO2
B17: =B16+1 -> 10 | C17: Contrôler la pompe HPI d'injection et éliminer les fuites observées
B18: =+B17+1 -> 11 | C18: Contrôler fonctionnement chauffage et régulateur de débit en aval pompe HPI d'injection
B19: =B18+1 -> 12 | C19: Démonter, nettoyer et inspecter les filtres avant et après la pompe d'injection
B20: =+B19+1 -> 13 | C20: Inspecter la qualité d'huile à l'interieur du reducteur principal de la boucheuse et la remplacer si necessaire
B21: =B20+1 -> 14 | C21: Inspecter les elements mecaniques ( galets, ressorts, cône de sertissage…) des pistons de la boucheuse et remedier si necessaire
B22: =+B21+1 -> 15 | C22: Nettoyer la vielle graisse en dessous de la vis de reglage en hauteur de la boucheuse et controler usure des roulements à rouleaux coniques
B23: =B22+1 -> 16
B24: Commentaire | D24: Nom et Visa Intervenants | G24: Nom et Visa Responsables

Sheet Soutireuse Trimestrielle
B3: CHECKLIST MECANIQUE | G3: =Date!B2 -> Week ... 2025
C4: SOUTIREUSE | D4: =+'Line & frequency'!C1 -> CHAINE 5 | G4: Trimestrielle
B5: INTERVENANT | D5: CHOUAGOUE
C6: Heure début:……………………………………………… Heure fin : ……………………………………… | E6: FAIT?
B7: N° | C7: DESCRIPTION DES TACHES | D7: Durée | E7: OUI | F7: NON | G7: REMARQUES (MATERIEL + PIECES)
B8: 1 | C8: Démonter les tôles de transfert et les supports et en faire une inspection détaillée / Renforcer points de soudure au besoin
B9: =B8+1 -> 2 | C9: Vérifier que l'accouplement de la vis de sélection est bien serré
B10: =+B9+1 -> 3 | C10: Vérifier que les 2 roulements externes du renvoi d'angle sont en bon état
B11: =B10+1 -> 4 | C11: Ouvrir renvoi d'angle et démonter grand pignon en téflon pour inspection état dents, rainure, clavette et arbre d'entrainement)
B12: =+B11+1 -> 5 | C12: Contrôler l'usure des étoiles de la machine et des roulements de leur support de montage
B13: =B12+1 -> 6 | C13: Vérifier que les semelles et supports de fixation au sol de la machine sont en bon état et corriger sinon
B14: =+B13+1 -> 7 | C14: Contrôler guidage et fixation des pistons (état guides et galets)
B15: =B14+1 -> 8 | C15: S'assurer que les manomètres liés à la pompe à vide fonctionnent normalement
B16: =+B15+1 -> 9 | C16: Démonter, nettoyer les buses de nettoyage des casses d'explosion
B17: =B16+1 -> 10 | C17: Vérifier vanne pneumatique d'angle du tuyau de dégazage du CO2 de la cuve
B18: =+B17+1 -> 11 | C18: Contrôler usure éléments extérieurs de sertissage et guides goulot en fer de cheval
B19: =B18+1 -> 12 | C19: Contrôler le fonctionnement du vibreur du tambour et sa fixation
B20: =+B19+1 -> 13 | C20: Démonter, nettoyer et inspecter buses d'injection eau chaude
B21: =B20+1 -> 14
B22: Commentaire | D22: Nom et Visa Intervenants | G22: Nom et Visa Responsables

Sheet Soutireuse Quadrimestre
B3: CHECKLIST MECANIQUE | G3: =Date!B2 -> Week ... 2025
C4: SOUTIREUSE | D4: =+'Line & frequency'!C1 -> CHAINE 5 | G4: QUADRIMESTRE
B5: INTERVENANT | D5: FONDJA
C6: Heure début:……………………………………………… Heure fin : ……………………………………… | E6: FAIT?
B7: N° | C7: DESCRIPTION DES TACHES | D7: Durée | E7: OUI | F7: NON | G7: REMARQUES (MATERIEL + PIECES)
B8: 1 | C8: Remplacer roulements en dessous de la vis de reglage en hauteur de la boucheuse
B9: =B8+1 -> 2 | C9: Remplacer roulements à l'interieur de reducteur de la boucheuse et faire vidange
B10: =+B9+1 -> 3
B11: =B10+1 -> 4
B12: Commentaire | D12: Nom et Visa Intervenants | G12: Nom et Visa Responsables

Sheet CB 1
B3: CHECKLIST MECANIQUE | G3: =Date!B2 -> Week ... 2025
C4: CONVOYEURS BOUTEILLES B1 ( Decaisseuse - Laveuse) | D4: =+'Line & frequency'!C1 -> CHAINE 5 | G4: TRIMESTRIELLE
B5: INTERVENANT
E6: FAIT?
B7: N° | C7: DESCRIPTION DES TACHES | D7: Durée | E7: OUI | F7: NON | G7: REMARQUES (MATERIEL + PIECES)
B8: 1 | C8: Ouvrir les convoyeurs à palettes de la sortie decaisseuse jusqu’à la laveuse, nettoyer au Karcher, inspecter et reparer tout anomalie
B9: =B8+1 -> 2 | C9: Controler la fixation des reducteurs de cette zone
B10: =+B9+1 -> 3 | C10: Controler l'usure des pignons des convoyeurs à palettes et les remplacés si necessaire
B11: =B10+1 -> 4 | C11: controler l'alignement et la fixation des pignons sur l'axe moteur des convoyeurs à palettes et remedier si necessaire
B12: =+B11+1 -> 5 | C12: controler l'usure des roues libres des convoyeurs à palettes de la zone et remplacer si necessaire
B13: =B12+1 -> 6 | C13: Controler l'usure des clavettes et rainures sur l'arbre moteur et remedier ou signaler les problèmes rencontrés
B14: =+B13+1 -> 7 | C14: controler l'état des glissières et leur fixation des convoyeurs à palettes et remplacer les au besoin
B15: =B14+1 -> 8 | C15: Controler l'etat des roulements de paliers des convoyeurs à palettes de la zone et remplacer si necessaire
B16: =+B15+1 -> 9 | C16: Controler l'usure des chaines à palettes des convoyeurs à palettes de la zone et remplacer les au besoin. Reduire les chaines longues
B17: =B16+1 -> 10 | C17: Faire appoint d'huile à l'interieur des reducteurs de la zone
B18: =+B17+1 -> 11 | C18: Controler la fixation des traverses ( supports des rails ) et reparer si necessaire
B19: =B18+1 -> 12
B20: =+B19+1 -> 13
B21: =B20+1 -> 14
B22: =+B21+1 -> 15
B23: =B22+1 -> 16
B24: =#REF!+1 -> #REF!
B25: Commentaire | D25: Nom et Visa Intervenants | G25: Nom et Visa Responsables

Sheet CB 2
B3: CHECKLIST MECANIQUE | G3: =Date!B2 -> Week ... 2025
C4: CONVOYEURS BOUTEILLES B2 ( Laveuse - Trieuse) | D4: =+'Line & frequency'!C1 -> CHAINE 5 | G4: TRIMESTRIELLE
B5: INTERVENANT
E6: FAIT?
B7: N° | C7: DESCRIPTION DES TACHES | D7: Durée | E7: OUI | F7: NON | G7: REMARQUES (MATERIEL + PIECES)
B8: 1 | C8: Ouvrir les convoyeurs de la sortie laveuse jusqu’à la trieuse, nettoyer au Karcher, inspecter et reparer tout anomalie
B9: =B8+1 -> 2 | C9: Controler la fixation des reducteurs de cette zone
B10: =+B9+1 -> 3 | C10: Controler l'usure des pignons des convoyeurs à palettes et les remplacés si necessaire
B11: =B10+1 -> 4 | C11: controler l'alignement et la fixation des pignons sur l'axe moteur des convoyeurs à palettes et remedier si necessaire
B12: =+B11+1 -> 5 | C12: controler l'usure des roues libres des convoyeurs à palettes de la zone et remplacer si necessaire
B13: =B12+1 -> 6 | C13: Controler l'usure des clavettes et rainures sur l'arbre moteur et remedier ou signaler les problèmes rencontrés
B14: =+B13+1 -> 7 | C14: controler l'état des glissières et leur fixation des convoyeurs à palettes et remplacer les au besoin
B15: =B14+1 -> 8 | C15: Controler l'etat des roulements de paliers des convoyeurs à palettes de la zone et remplacer si necessaire
B16: =+B15+1 -> 9 | C16: Controler l'usure des chaines à palettes des convoyeurs à palettes de la zone et remplacer les au besoin. Reduire les chaines longues
B17: =B16+1 -> 10 | C17: Faire appoint d'huile à l'interieur des reducteurs de la zone
B18: =+B17+1 -> 11 | C18: Ouvrir les couvercles des chaines motrices 10b1 de la zone, inspecter, remplacer ou graisser au besoin. Ajuster lz tension si necessaire
B19: =B18+1 -> 12 | C19: Controler la fixation des traverses ( supports des rails ) et reparer si necessaire
B20: =+B19+1 -> 13
B21: =B20+1 -> 14
B22: =#REF!+1 -> #REF!
B23: =+B22+1 -> #REF!
B24: =B23+1 -> #REF!
B25: Commentaire | D25: Nom et Visa Intervenants | G25: Nom et Visa Responsables

Sheet CB 3
B3: CHECKLIST MECANIQUE | G3: =Date!B2 -> Week ... 2025
C4: CONVOYEURS BOUTEILLES B3 ( Trieuse - EBI - retour laveuse) | D4: =+'Line & frequency'!C1 -> CHAINE 5 | G4: TRIMESTRIELLE
B5: INTERVENANT
E6: FAIT?
B7: N° | C7: DESCRIPTION DES TACHES | D7: Durée | E7: OUI | F7: NON | G7: REMARQUES (MATERIEL + PIECES)
B8: 1 | C8: Ouvrir les convoyeurs à palettes de la sortie trieuse jusqu’au retour laveuse , nettoyer au Karcher, inspecter et reparer tout anomalie
B9: =B8+1 -> 2 | C9: Controler la fixation des reducteurs de cette zone
B10: =+B9+1 -> 3 | C10: Controler l'usure des pignons des convoyeurs à palettes et les remplacés si necessaire
B11: =B10+1 -> 4 | C11: controler l'alignement et la fixation des pignons sur l'axe moteur des convoyeurs à palettes et remedier si necessaire
B12: =+B11+1 -> 5 | C12: controler l'usure des roues libres des convoyeurs à palettes de la zone et remplacer si necessaire
B13: =B12+1 -> 6 | C13: Controler l'usure des clavettes et rainures sur l'arbre moteur et remedier ou signaler les problèmes rencontrés
B14: =+B13+1 -> 7 | C14: controler l'état des glissières et leur fixation des convoyeurs à palettes et remplacer les au besoin
B15: =B14+1 -> 8 | C15: Controler l'etat des roulements de paliers des convoyeurs à palettes de la zone et remplacer si necessaire
B16: =+B15+1 -> 9 | C16: Controler l'usure des chaines à palettes des convoyeurs à palettes de la zone et remplacer les au besoin. Reduire les chaines longues
B17: =B16+1 -> 10 | C17: Faire appoint d'huile à l'interieur des reducteurs de la zone
B18: =+B17+1 -> 11 | C18: Ouvrir les couvercles des chaines motrices 10b1 de la zone, inspecter, remplacer ou graisser au besoin. Ajuster lz tension si necessaire
B19: =B18+1 -> 12 | C19: Controler la fixation des traverses ( supports des rails ) et reparer si necessaire
B20: =+B19+1 -> 13
B21: =B20+1 -> 14
B22: Commentaire | D22: Nom et Visa Intervenants | G22: Nom et Visa Responsables

Sheet CB 4
B3: CHECKLIST MECANIQUE | G3: =Date!B2 -> Week ... 2025
C4: CONVOYEURS BOUTEILLES B4 ( EBI - Soutireuse) | D4: =+'Line & frequency'!C1 -> CHAINE 5 | G4: TRIMESTRIELLE
B5: INTERVENANT | D5: JIOFACK + NDOGMO
E6: FAIT?
B7: N° | C7: DESCRIPTION DES TACHES | D7: Durée | E7: OUI | F7: NON | G7: REMARQUES (MATERIEL + PIECES)
B8: 1 | C8: Ouvrir les convoyeurs à palettes de la sortie Ebi jusqu’à la soutireuse , nettoyer au Karcher, inspecter et reparer tout anomalie
B9: =B8+1 -> 2 | C9: Controler la fixation des reducteurs de cette zone
B10: =+B9+1 -> 3 | C10: Controler l'usure des pignons des convoyeurs à palettes et les remplacés si necessaire
B11: =B10+1 -> 4 | C11: controler l'alignement et la fixation des pignons sur l'axe moteur des convoyeurs à palettes et remedier si necessaire
B12: =+B11+1 -> 5 | C12: controler l'usure des roues libres des convoyeurs à palettes de la zone et remplacer si necessaire
B13: =B12+1 -> 6 | C13: Controler l'usure des clavettes et rainures sur l'arbre moteur et remedier ou signaler les problèmes rencontrés
B14: =+B13+1 -> 7 | C14: controler l'état des glissières et leur fixation des convoyeurs à palettes et remplacer les au besoin
B15: =B14+1 -> 8 | C15: Controler l'etat des roulements de paliers des convoyeurs à palettes de la zone et remplacer si necessaire
B16: =+B15+1 -> 9 | C16: Controler l'usure des chaines à palettes des convoyeurs à palettes de la zone et remplacer les au besoin. Reduire les chaines longues
B17: =B16+1 -> 10 | C17: Faire appoint d'huile à l'interieur des reducteurs de la zone
B18: =+B17+1 -> 11 | C18: Ouvrir les couvercles des chaines motrices 10b1 de la zone, inspecter, remplacer ou graisser au besoin. Ajuster lz tension si necessaire
B19: =B18+1 -> 12 | C19: Controler la fixation des traverses ( supports des rails ) et reparer si necessaire
B20: =+B19+1 -> 13
B21: Commentaire | D21: Nom et Visa Intervenants | G21: Nom et Visa Responsables

Sheet CB 5
B3: CHECKLIST MECANIQUE | G3: =Date!B2 -> Week ... 2025
C4: CONVOYEURS BOUTEILLES B5 ( Soutireuse - Pasteurisateur) | D4: =+'Line & frequency'!C1 -> CHAINE 5 | G4: BIMENSUELLE
B5: INTERVENANT | D5: JIOFACK + DONGMO
E6: FAIT?
B7: N° | C7: DESCRIPTION DES TACHES | D7: Durée | E7: OUI | F7: NON | G7: REMARQUES (MATERIEL + PIECES)
B8: 1 | C8: Ouvrir les convoyeurs à palettes de la sortie soutireuse jusqu’à l'entrée pasteurisateur , nettoyer au Karcher, inspecter et reparer tout anomalie
B9: =B8+1 -> 2 | C9: Controler la fixation des reducteurs de cette zone
B10: =+B9+1 -> 3 | C10: Controler l'usure des pignons des convoyeurs à palettes et les remplacés si necessaire
B11: =B10+1 -> 4 | C11: controler l'alignement et la fixation des pignons sur l'axe moteur des convoyeurs à palettes et remedier si necessaire
B12: =+B11+1 -> 5 | C12: controler l'usure des roues libres des convoyeurs à palettes de la zone et remplacer si necessaire
B13: =B12+1 -> 6 | C13: Controler l'usure des clavettes et rainures sur l'arbre moteur et remedier ou signaler les problèmes rencontrés
B14: =+B13+1 -> 7 | C14: controler l'état des glissières et leur fixation des convoyeurs à palettes et remplacer les au besoin
B15: =B14+1 -> 8 | C15: Controler l'etat des roulements de paliers des convoyeurs à palettes de la zone et remplacer si necessaire
B16: =+B15+1 -> 9 | C16: Controler l'usure des chaines à palettes des convoyeurs à palettes de la zone et remplacer les au besoin. Reduire les chaines longues
B17: =B16+1 -> 10 | C17: Faire appoint d'huile à l'interieur des reducteurs de la zone
B18: =+B17+1 -> 11 | C18: Ouvrir les couvercles des chaines motrices 10b1 de la zone, inspecter, remplacer ou graisser au besoin. Ajuster lz tension si necessaire
B19: =B18+1 -> 12 | C19: Controler la fixation des traverses ( supports des rails ) et reparer si necessaire
B20: =+B19+1 -> 13
B21: =B20+1 -> 14
B22: Commentaire | D22: Nom et Visa Intervenants | G22: Nom et Visa Responsables

Sheet CB 6
B3: CHECKLIST MECANIQUE | G3: =Date!B2 -> Week ... 2025
C4: CONVOYEURS BOUTEILLES B6 ( Pasteurisateur - Entrée souffleur) | D4: =+'Line & frequency'!C1 -> CHAINE 5 | G4: Bimensuelle
B5: INTERVENANT
E6: FAIT?
B7: N° | C7: DESCRIPTION DES TACHES | D7: Durée | E7: OUI | F7: NON | G7: REMARQUES (MATERIEL + PIECES)
B8: 1 | C8: Ouvrir les convoyeurs à palettes de la sortie pasteurisateur jusqu’à l'entrée etiqueteuse , nettoyer au Karcher, inspecter et reparer tout anomalie
B9: =B8+1 -> 2 | C9: Controler la fixation des reducteurs de cette zone
B10: =+B9+1 -> 3 | C10: Controler l'usure des pignons des convoyeurs à palettes et les remplacés si necessaire
B11: =B10+1 -> 4 | C11: controler l'alignement et la fixation des pignons sur l'axe moteur des convoyeurs à palettes et remedier si necessaire
B12: =+B11+1 -> 5 | C12: controler l'usure des roues libres des convoyeurs à palettes de la zone et remplacer si necessaire
B13: =B12+1 -> 6 | C13: Controler l'usure des clavettes et rainures sur l'arbre moteur et remedier ou signaler les problèmes rencontrés
B14: =+B13+1 -> 7 | C14: controler l'état des glissières et leur fixation des convoyeurs à palettes et remplacer les au besoin
B15: =B14+1 -> 8 | C15: Controler l'etat des roulements de paliers des convoyeurs à palettes de la zone et remplacer si necessaire
B16: =+B15+1 -> 9 | C16: Controler l'usure des chaines à palettes des convoyeurs à palettes de la zone et remplacer les au besoin. Reduire les chaines longues
B17: =B16+1 -> 10 | C17: Faire appoint d'huile à l'interieur des reducteurs de la zone
B18: =+B17+1 -> 11 | C18: Ouvrir les couvercles des chaines motrices 10b1 de la zone, inspecter, remplacer ou graisser au besoin. Ajuster lz tension si necessaire
B19: =B18+1 -> 12 | C19: Controler la fixation des traverses ( supports des rails ) et reparer si necessaire
B20: =+B19+1 -> 13 | C20: Redresser les supports de guides bouteilles de la sortie pasto à l'entrée etiqueteuse
B21: =B20+1 -> 14
B22: Commentaire | D22: Nom et Visa Intervenants | G22: Nom et Visa Responsables

Sheet CB 7
B3: CHECKLIST MECANIQUE | G3: =Date!B2 -> Week ... 2025
C4: CONVOYEURS BOUTEILLES ( Etiqueteuse -Encaisseuse) | D4: =+'Line & frequency'!C1 -> CHAINE 5 | G4: BIMENSUELLE
B5: INTERVENANT
E6: FAIT?
B7: N° | C7: DESCRIPTION DES TACHES | D7: Durée | E7: OUI | F7: NON | G7: REMARQUES (MATERIEL + PIECES)
B8: 1 | C8: Ouvrir les convoyeurs à palettes de la sortie étiqueteuse jusqu’à l'entrée encaisseuse , nettoyer au Karcher, inspecter et reparer tout anomalie
B9: =B8+1 -> 2 | C9: Controler la fixation des reducteurs de cette zone
B10: =+B9+1 -> 3
B11: =B10+1 -> 4 | C11: controler l'alignement et la fixation des pignons sur l'axe moteur des convoyeurs à palettes et remedier si necessaire
B12: =+B11+1 -> 5 | C12: controler l'usure des roues libres des convoyeurs à palettes de la zone et remplacer si necessaire
B13: =B12+1 -> 6 | C13: Controler l'usure des clavettes et rainures sur l'arbre moteur et remedier ou signaler les problèmes rencontrés
B14: =+B13+1 -> 7 | C14: controler l'état des glissières et leur fixation des convoyeurs à palettes et remplacer les au besoin
B15: =B14+1 -> 8 | C15: Controler l'etat des roulements de paliers des convoyeurs à palettes de la zone et remplacer si necessaire
B16: =+B15+1 -> 9 | C16: Controler l'usure des chaines à palettes des convoyeurs à palettes de la zone et remplacer les au besoin. Reduire les chaines longues
B17: =B16+1 -> 10 | C17: Faire appoint d'huile à l'interieur des reducteurs de la zone
B18: =+B17+1 -> 11 | C18: Ouvrir les couvercles des chaines motrices 10b1 de la zone, inspecter, remplacer ou graisser au besoin. Ajuster lz tension si necessaire
B19: =B18+1 -> 12 | C19: Controler la fixation des traverses ( supports des rails ) et reparer si necessaire
B20: =+B19+1 -> 13
B21: =B20+1 -> 14
B22: Commentaire | D22: Nom et Visa Intervenants | G22: Nom et Visa Responsables

Sheet CC 2
B3: CHECKLIST MECANIQUE | G3: =Date!B2 -> Week ... 2025
C4: CONVOYEURS CASIERS C2 ( Apollo 1 - Apollo 2 ) | D4: =+'Line & frequency'!C1 -> CHAINE 5 | G4: TRIMESTRIELLE
B5: INTERVENANT
E6: FAIT?
B7: N° | C7: DESCRIPTION DES TACHES | D7: Durée | E7: OUI | F7: NON | G7: REMARQUES (MATERIEL + PIECES)
B8: 1 | C8: Ouvrir les convoyeurs à palettes de la sortie apollo 1 jusqu’à l'entrée Apollo 2, nettoyer au Karcher, inspecter et reparer tout anomalie
B9: =B8+1 -> 2 | C9: Controler la fixation des reducteurs de cette zone
B10: =+B9+1 -> 3 | C10: Controler l'usure des pignons des convoyeurs à palettes et les remplacés si necessaire
B11: =B10+1 -> 4 | C11: controler l'alignement et la fixation des pignons sur l'axe moteur des convoyeurs à palettes et remedier si necessaire
B12: =+B11+1 -> 5 | C12: controler l'usure des roues libres des convoyeurs à palettes de la zone et remplacer si necessaire
B13: =B12+1 -> 6 | C13: Controler l'usure des clavettes et rainures sur l'arbre moteur et remedier ou signaler les problèmes rencontrés
B14: =+B13+1 -> 7 | C14: controler l'état des glissières et leur fixation des convoyeurs à palettes et remplacer les au besoin
B15: =B14+1 -> 8 | C15: Controler l'etat des roulements de paliers des convoyeurs à palettes de la zone et remplacer si necessaire
B16: =+B15+1 -> 9 | C16: Controler l'usure des chaines à palettes des convoyeurs à palettes de la zone et remplacer les au besoin. Reduire les chaines longues
B17: =B16+1 -> 10 | C17: Graisser tous les roulements de paliers des convoyeurs à palettes de la zone. Faire cette opération en marche
B18: =+B17+1 -> 11 | C18: Faire appoint d'huile à l'interieur des reducteurs de la zone
B19: =B18+1 -> 12 | C19: Controler la fixation des traverses ( supports des rails ) et reparer si necessaire
B20: =+B19+1 -> 13
B21: =B20+1 -> 14
B22: =#REF!+1 -> #REF!
B23: Commentaire | D23: Nom et Visa Intervenants | G23: Nom et Visa Responsables

Sheet CC 1
B3: CHECKLIST MECANIQUE | G3: =Date!B2 -> Week ... 2025
C4: CONVOYEURS CASIERS C1 ( Depal - Apollo 1) | D4: =+'Line & frequency'!C1 -> CHAINE 5 | G4: =+'Line & frequency'!C2 -> HEBDOMADAIRE
B5: INTERVENANT
E6: FAIT?
B7: N° | C7: DESCRIPTION DES TACHES | D7: Durée | E7: OUI | F7: NON | G7: REMARQUES (MATERIEL + PIECES)
B8: 1 | C8: Ouvrir les convoyeurs à palettes de la sortie depal jusqu’à l'entrée Apollo 1, nettoyer au Karcher, inspecter et reparer tout anomalie
B9: =B8+1 -> 2 | C9: Controler la fixation des reducteurs de cette zone
B10: =+B9+1 -> 3 | C10: Controler l'usure des pignons des convoyeurs à palettes et les remplacés si necessaire
B11: =B10+1 -> 4 | C11: controler l'alignement et la fixation des pignons sur l'axe moteur des convoyeurs à palettes et remedier si necessaire
B12: =+B11+1 -> 5 | C12: controler l'usure des roues libres des convoyeurs à palettes de la zone et remplacer si necessaire
B13: =B12+1 -> 6 | C13: Controler l'usure des clavettes et rainures sur l'arbre moteur et remedier ou signaler les problèmes rencontrés
B14: =+B13+1 -> 7 | C14: controler l'état des glissières et leur fixation des convoyeurs à palettes et remplacer les au besoin
B15: =B14+1 -> 8 | C15: Controler l'etat des roulements de paliers des convoyeurs à palettes de la zone et remplacer si necessaire
B16: =+B15+1 -> 9 | C16: Controler l'usure des chaines à palettes des convoyeurs à palettes de la zone et remplacer les au besoin. Reduire les chaines longues
B17: =B16+1 -> 10 | C17: Graisser tous les roulements de paliers des convoyeurs à palettes de la zone. Faire cette opération en marche
B18: =+B17+1 -> 11 | C18: Ouvrir les couvres chaines des convoyeurs à rouleaux, inspecter rouleaux, chaines motrices, tendeur et pignon moteur des convoyeurs à rouleaux et remedier aux problèmes rencontrés
B19: =+B18+1 -> 12 | C19: Faire appoint d'huile à l'interieur des reducteurs de la zone
B20: =+B19+1 -> 13 | C20: Controler la fixation des traverses ( supports des rails ) et reparer si necessaire
B21: =+#REF!+1 -> #REF!
B22: =B21+1 -> #REF!
B23: =+B22+1 -> #REF!
B24: =B23+1 -> #REF!
B25: Commentaire | D25: Nom et Visa Intervenants | G25: Nom et Visa Responsables

Sheet CC 3
B3: CHECKLIST MECANIQUE | G3: =Date!B2 -> Week ... 2025
C4: CONVOYEURS CASIERS C3 ( Apollo 2 - Decaisseuse) | D4: =+'Line & frequency'!C1 -> CHAINE 5 | G4: TRIMESTRIELLE
B5: INTERVENANT | D5: KWEHATCHOU + TSINKU
E6: FAIT?
B7: N° | C7: DESCRIPTION DES TACHES | D7: Durée | E7: OUI | F7: NON | G7: REMARQUES (MATERIEL + PIECES)
B8: 1 | C8: Ouvrir les convoyeurs à palettes de la sortie Apollo 2 jusqu’à la decaisseuse nettoyer au Karcher, inspecter et reparer tout anomalie
B9: =B8+1 -> 2 | C9: Controler la fixation des reducteurs de cette zone
B10: =+B9+1 -> 3 | C10: Controler l'usure des pignons des convoyeurs à palettes et les remplacés si necessaire
B11: =B10+1 -> 4 | C11: controler l'alignement et la fixation des pignons sur l'axe moteur des convoyeurs à palettes et remedier si necessaire
B12: =+B11+1 -> 5 | C12: controler l'usure des roues libres des convoyeurs à palettes de la zone et remplacer si necessaire
B13: =B12+1 -> 6 | C13: Controler l'usure des clavettes et rainures sur l'arbre moteur et remedier ou signaler les problèmes rencontrés
B14: =+B13+1 -> 7 | C14: controler l'état des glissières et leur fixation des convoyeurs à palettes et remplacer les au besoin
B15: =B14+1 -> 8 | C15: Controler l'etat des roulements de paliers des convoyeurs à palettes de la zone et remplacer si necessaire
B16: =+B15+1 -> 9 | C16: Controler l'usure des chaines à palettes des convoyeurs à palettes de la zone et remplacer les au besoin. Reduire les chaines longues
B17: =B16+1 -> 10 | C17: Graisser tous les roulements de paliers des convoyeurs à palettes de la zone. Faire cette opération en marche
B18: =+B17+1 -> 11 | C18: Faire appoint d'huile à l'interieur des reducteurs de la zone
B19: =B18+1 -> 12 | C19: Controler la fixation des traverses ( supports des rails ) et reparer si necessaire
B20: =+B19+1 -> 13
B21: =B20+1 -> 14
B22: Commentaire | D22: Nom et Visa Intervenants | G22: Nom et Visa Responsables

Sheet CC 4
B3: CHECKLIST MECANIQUE | G3: =Date!B2 -> Week ... 2025
C4: CONVOYEURS CASIERS C4 ( Decaisseuse - Lave caisses) | D4: =+'Line & frequency'!C1 -> CHAINE 5 | G4: TRIMESTRIELLE
B5: INTERVENANT | D5: CHIMI
E6: FAIT?
B7: N° | C7: DESCRIPTION DES TACHES | D7: Durée | E7: OUI | F7: NON | G7: REMARQUES (MATERIEL + PIECES)
B8: 1 | C8: Ouvrir les convoyeurs à palettes de la sortie decaisseuse jusqu’à la lave caisses, nettoyer au Karcher, inspecter et reparer tout anomalie
B9: =B8+1 -> 2 | C9: Controler la fixation des reducteurs de cette zone
B10: =+B9+1 -> 3 | C10: Controler l'usure des pignons des convoyeurs à palettes et les remplacés si necessaire
B11: =B10+1 -> 4 | C11: controler l'alignement et la fixation des pignons sur l'axe moteur des convoyeurs à palettes et remedier si necessaire
B12: =+B11+1 -> 5 | C12: controler l'usure des roues libres des convoyeurs à palettes de la zone et remplacer si necessaire
B13: =B12+1 -> 6 | C13: Controler l'usure des clavettes et rainures sur l'arbre moteur et remedier ou signaler les problèmes rencontrés
B14: =+B13+1 -> 7 | C14: controler l'état des glissières et leur fixation des convoyeurs à palettes et remplacer les au besoin
B15: =B14+1 -> 8 | C15: Controler l'etat des roulements de paliers des convoyeurs à palettes de la zone et remplacer si necessaire
B16: =+B15+1 -> 9 | C16: Controler l'usure des chaines à palettes des convoyeurs à palettes de la zone et remplacer les au besoin. Reduire les chaines longues
B17: =B16+1 -> 10 | C17: Graisser tous les roulements de paliers des convoyeurs à palettes de la zone. Faire cette opération en marche
B18: =+B17+1 -> 11 | C18: Controler l'usure des chaines à palettes cramponées des convoyeurs à palettes de la zone et remplacer les au besoin
B19: =B18+1 -> 12 | C19: Faire appoint d'huile à l'interieur des reducteurs de la zone
B20: =+B19+1 -> 13 | C20: Controler la fixation des traverses ( supports des rails ) et reparer si necessaire
B21: =B20+1 -> 14
B22: =+B21+1 -> 15
B23: Commentaire | D23: Nom et Visa Intervenants | G23: Nom et Visa Responsables

Sheet CC 5
B3: CHECKLIST MECANIQUE | G3: =Date!B2 -> Week ... 2025
C4: CONVOYEURS CASIERS C5 ( Lave caisses - Encaisseuse) | D4: =+'Line & frequency'!C1 -> CHAINE 5 | G4: TRIMESTRIELLE
B5: INTERVENANT
E6: FAIT?
B7: N° | C7: DESCRIPTION DES TACHES | D7: Durée | E7: OUI | F7: NON | G7: REMARQUES (MATERIEL + PIECES)
B8: 1 | C8: Ouvrir les convoyeurs à palettes de la sortie lave caisses jusqu’à l'encaisseuse, nettoyer au Karcher, inspecter et reparer tout anomalie
B9: =B8+1 -> 2 | C9: Controler la fixation des reducteurs de cette zone
B10: =+B9+1 -> 3 | C10: Controler l'usure des pignons des convoyeurs à palettes et les remplacés si necessaire
B11: =B10+1 -> 4 | C11: controler l'alignement et la fixation des pignons sur l'axe moteur des convoyeurs à palettes et remedier si necessaire
B12: =+B11+1 -> 5 | C12: controler l'usure des roues libres des convoyeurs à palettes de la zone et remplacer si necessaire
B13: =B12+1 -> 6 | C13: Controler l'usure des clavettes et rainures sur l'arbre moteur et remedier ou signaler les problèmes rencontrés
B14: =+B13+1 -> 7 | C14: controler l'état des glissières et leur fixation des convoyeurs à palettes et remplacer les au besoin
B15: =B14+1 -> 8 | C15: Controler l'etat des roulements de paliers des convoyeurs à palettes de la zone et remplacer si necessaire
B16: =+B15+1 -> 9 | C16: Controler l'usure des chaines à palettes des convoyeurs à palettes de la zone et remplacer les au besoin. Reduire les chaines longues
B17: =B16+1 -> 10 | C17: Graisser tous les roulements de paliers des convoyeurs à palettes de la zone. Faire cette opération en marche
B18: =+B17+1 -> 11 | C18: Faire appoint d'huile à l'interieur des reducteurs de la zone
B19: =B18+1 -> 12 | C19: Controler la fixation des traverses ( supports des rails ) et reparer si necessaire
B20: =+B19+1 -> 13
B21: =B20+1 -> 14
B22: =+B21+1 -> 15
B23: =B22+1 -> 16
B24: Commentaire | D24: Nom et Visa Intervenants | G24: Nom et Visa Responsables

Sheet CC 6
B3: CHECKLIST MECANIQUE | G3: =Date!B2 -> Week ... 2025
C4: CONVOYEURS CASIERS C6 ( Encaisseuse - Apollo 3) | D4: =+'Line & frequency'!C1 -> CHAINE 5 | G4: TRIMESTRIELLE
B5: INTERVENANT
E6: FAIT?
B7: N° | C7: DESCRIPTION DES TACHES | D7: Durée | E7: OUI | F7: NON | G7: REMARQUES (MATERIEL + PIECES)
B8: 1 | C8: Ouvrir les convoyeurs à palettes de la sortie encaisseuse jusqu’à Apollo 3, nettoyer au Karcher, inspecter et reparer tout anomalie
B9: =B8+1 -> 2 | C9: Controler la fixation des reducteurs de cette zone
B10: =+B9+1 -> 3 | C10: Controler l'usure des pignons des convoyeurs à palettes et les remplacés si necessaire
B11: =B10+1 -> 4 | C11: controler l'alignement et la fixation des pignons sur l'axe moteur des convoyeurs à palettes et remedier si necessaire
B12: =+B11+1 -> 5 | C12: controler l'usure des roues libres des convoyeurs à palettes de la zone et remplacer si necessaire
B13: =B12+1 -> 6 | C13: Controler l'usure des clavettes et rainures sur l'arbre moteur et remedier ou signaler les problèmes rencontrés
B14: =+B13+1 -> 7 | C14: controler l'état des glissières et leur fixation des convoyeurs à palettes et remplacer les au besoin
B15: =B14+1 -> 8 | C15: Controler l'etat des roulements de paliers des convoyeurs à palettes de la zone et remplacer si necessaire
B16: =+B15+1 -> 9 | C16: Controler l'usure des chaines à palettes des convoyeurs à palettes de la zone et remplacer les au besoin. Reduire les chaines longues
B17: =B16+1 -> 10 | C17: Graisser tous les roulements de paliers des convoyeurs à palettes de la zone. Faire cette opération en marche
B18: =+B17+1 -> 11 | C18: Faire appoint d'huile à l'interieur des reducteurs de la zone
B19: =B18+1 -> 12 | C19: Controler la fixation des traverses ( supports des rails ) et reparer si necessaire
B20: =+B19+1 -> 13
B21: =B20+1 -> 14
B22: =+B21+1 -> 15
B23: =B22+1 -> 16
B24: Commentaire | D24: Nom et Visa Intervenants | G24: Nom et Visa Responsables

Sheet CC 7
B3: CHECKLIST MECANIQUE | G3: =Date!B2 -> Week ... 2025
C4: CONVOYEURS CASIERS C7 ( Apollo 3 - Apollo 4) | D4: =+'Line & frequency'!C1 -> CHAINE 5 | G4: TRIMESTRIELLE
B5: INTERVENANT
E6: FAIT?
B7: N° | C7: DESCRIPTION DES TACHES | D7: Durée | E7: OUI | F7: NON | G7: REMARQUES (MATERIEL + PIECES)
B8: 1 | C8: Ouvrir les convoyeurs à palettes de la sortie Apollo 3 jusqu’à Apollo 4, nettoyer au Karcher, inspecter et reparer tout anomalie
B9: =B8+1 -> 2 | C9: Controler la fixation des reducteurs de cette zone
B10: =+B9+1 -> 3 | C10: Controler l'usure des pignons des convoyeurs à palettes et les remplacés si necessaire
B11: =B10+1 -> 4 | C11: controler l'alignement et la fixation des pignons sur l'axe moteur des convoyeurs à palettes et remedier si necessaire
B12: =+B11+1 -> 5 | C12: controler l'usure des roues libres des convoyeurs à palettes de la zone et remplacer si necessaire
B13: =B12+1 -> 6 | C13: Controler l'usure des clavettes et rainures sur l'arbre moteur et remedier ou signaler les problèmes rencontrés
B14: =+B13+1 -> 7 | C14: controler l'état des glissières et leur fixation des convoyeurs à palettes et remplacer les au besoin
B15: =B14+1 -> 8 | C15: Controler l'etat des roulements de paliers des convoyeurs à palettes de la zone et remplacer si necessaire
B16: =+B15+1 -> 9 | C16: Controler l'usure des chaines à palettes des convoyeurs à palettes de la zone et remplacer les au besoin. Reduire les chaines longues
B17: =B16+1 -> 10 | C17: Graisser tous les roulements de paliers des convoyeurs à palettes de la zone. Faire cette opération en marche
B18: =+B17+1 -> 11 | C18: Faire appoint d'huile à l'interieur des reducteurs de la zone
B19: =B18+1 -> 12 | C19: Controler la fixation des traverses ( supports des rails ) et reparer si necessaire
B20: =+B19+1 -> 13
B21: =B20+1 -> 14 | C21: Reparer rails virage convoyeur entrée Apollo 4
B22: =#REF!+1 -> #REF!
B23: Commentaire | D23: Nom et Visa Intervenants | G23: Nom et Visa Responsables

Sheet CC 8
B3: CHECKLIST MECANIQUE | G3: =Date!B2 -> Week ... 2025
C4: CONVOYEURS CASIERS C8 ( Apollo 4 - Paletiseur) | D4: =+'Line & frequency'!C1 -> CHAINE 5 | G4: TRIMESTRIELLE
B5: INTERVENANT
E6: FAIT?
B7: N° | C7: DESCRIPTION DES TACHES | D7: Durée | E7: OUI | F7: NON | G7: REMARQUES (MATERIEL + PIECES)
B8: 1 | C8: Ouvrir les convoyeurs à palettes de la sortie Apollo 4 jusqu’àu paletiseur, nettoyer au Karcher, inspecter et reparer tout anomalie
B9: =B8+1 -> 2 | C9: Controler la fixation des reducteurs de cette zone
B10: =+B9+1 -> 3 | C10: Controler l'usure des pignons des convoyeurs à palettes et les remplacés si necessaire
B11: =B10+1 -> 4 | C11: controler l'alignement et la fixation des pignons sur l'axe moteur des convoyeurs à palettes et remedier si necessaire
B12: =+B11+1 -> 5 | C12: controler l'usure des roues libres des convoyeurs à palettes de la zone et remplacer si necessaire
B13: =B12+1 -> 6 | C13: Controler l'usure des clavettes et rainures sur l'arbre moteur et remedier ou signaler les problèmes rencontrés
B14: =+B13+1 -> 7 | C14: controler l'état des glissières et leur fixation des convoyeurs à palettes et remplacer les au besoin
B15: =B14+1 -> 8 | C15: Controler l'etat des roulements de paliers des convoyeurs à palettes de la zone et remplacer si necessaire
B16: =+B15+1 -> 9 | C16: Controler l'usure des chaines à palettes des convoyeurs à palettes de la zone et remplacer les au besoin. Reduire les chaines longues
B17: =B16+1 -> 10 | C17: Graisser tous les roulements de paliers des convoyeurs à palettes de la zone. Faire cette opération en marche
B18: =+B17+1 -> 11 | C18: Ouvrir les couvres chaines des convoyeurs à rouleaux, inspecter rouleaux, chaines motrices, tendeur et pignon moteur des convoyeurs à rouleaux et remedier aux problèmes rencontrés
B19: =B18+1 -> 12 | C19: Controler la fixation des traverses ( supports des rails ) et reparer si necessaire
B20: =+B19+1 -> 13
B21: =B20+1 -> 14
B22: =+B21+1 -> 15
B23: =B22+1 -> 16
B24: =+B23+1 -> 17
B25: Commentaire | D25: Nom et Visa Intervenants | G25: Nom et Visa Responsables

Sheet Groupe Tapis 1
B3: CHECKLIST MECANIQUE | G3: =Date!B2 -> Week ... 2025
C4: Tapis ECI - sortie depal( 7 tapis ) | D4: =+'Line & frequency'!C1 -> CHAINE 5 | G4: MENSUELLE
B5: INTERVENANT
E6: FAIT?
B7: N° | C7: DESCRIPTION DES TACHES | D7: Durée | E7: OUI | F7: NON | G7: REMARQUES (MATERIEL + PIECES)
B8: 1 | C8: Ouvrir les tapis du ECI et FCI , nettoyer au Karcher, inspecter et reparer tout anomalie
B9: =B8+1 -> 2 | C9: Controler la fixation des reducteurs de cette zone
B10: =+B9+1 -> 3 | C10: Controler l'usure des pignons des convoyeurs des tapis de cette zone
B11: =B10+1 -> 4 | C11: controler l'alignement et la fixation des pignons sur l'axe moteur par rapport aux tapis
B12: =+B11+1 -> 5 | C12: Controler l'usure des clavettes et rainures sur l'arbre moteur et remedier ou signaler les problèmes rencontrés
B13: =B12+1 -> 6 | C13: controler l'état des glissières et leur fixation des tapis de la zone et remplacer les au besoin
B14: =+B13+1 -> 7 | C14: Controler l'etat des roulements de paliers des tapis de la zone et remplacer si necessaire
B15: =B14+1 -> 8 | C15: Controler l'usure des tapis de la zone et les remplacer au besoin. Reduire les tapis longs
B16: =+B15+1 -> 9 | C16: Graisser tous les roulements de paliers et rouleaux des tapis de la zone. Faire cette opération en marche
B17: =B16+1 -> 10 | C17: Faire appoint d'huile à l'interieur des reducteurs des tapis de cette zone
B18: =+B17+1 -> 11 | C18: Se rassurer que les couvercles de protection des courroies de transmission petit et grand tapis soient bien fixés et l'etat de la courroie
B19: =B18+1 -> 12 | C19: Controler la fixation des traverses ( supports des rails ) et reparer si necessaire
B20: =+B19+1 -> 13 | C20: Ajuster les toles de transfert entre les tapis de la zone
B21: =B20+1 -> 14 | C21: Controler la fixation des supports de tendeurs et remedier au besoin
B22: Commentaire | D22: Nom et Visa Intervenants | G22: Nom et Visa Responsables

Sheet Groupe Tapis 2
B3: CHECKLIST MECANIQUE | G3: =Date!B2 -> Week ... 2025
C4: Tapis Entrée Apollos( 8 tapis ) | D4: =+'Line & frequency'!C1 -> CHAINE 5 | G4: MENSUELLE
B5: INTERVENANT
E6: FAIT?
B7: N° | C7: DESCRIPTION DES TACHES | D7: Durée | E7: OUI | F7: NON | G7: REMARQUES (MATERIEL + PIECES)
B8: 1 | C8: Ouvrir tous les tapis entrées Apollos, nettoyer au Karcher, inspecter et reparer toutes anomalies
B9: =B8+1 -> 2 | C9: Controler la fixation des reducteurs de cette zone
B10: =+B9+1 -> 3 | C10: Controler l'usure des pignons des convoyeurs des tapis de cette zone
B11: =B10+1 -> 4 | C11: controler l'alignement et la fixation des pignons sur l'axe moteur par rapport aux tapis
B12: =+B11+1 -> 5 | C12: Controler l'usure des clavettes et rainures sur l'arbre moteur et remedier ou signaler les problèmes rencontrés
B13: =B12+1 -> 6 | C13: controler l'état des glissières et leur fixation des tapis de la zone et remplacer les au besoin
B14: =+B13+1 -> 7 | C14: Controler l'etat des roulements de paliers des tapis de la zone et remplacer si necessaire
B15: =B14+1 -> 8 | C15: Controler l'usure des tapis de la zone et les remplacer au besoin. Reduire les tapis longs
B16: =+B15+1 -> 9 | C16: Graisser tous les roulements de paliers et rouleaux des tapis de la zone. Faire cette opération en marche
B17: =B16+1 -> 10 | C17: Faire appoint d'huile à l'interieur des reducteurs des tapis de cette zone
B18: =+B17+1 -> 11 | C18: Se rassurer que les couvercles de protection des courroies de transmission petit et grand tapis soient bien fixés et l'etat de la courroie
B19: =B18+1 -> 12 | C19: Controler la fixation des traverses ( supports des rails ) et reparer si necessaire
B20: =+B19+1 -> 13 | C20: Ajuster les toles de transfert entre les tapis de la zone
B21: =B20+1 -> 14 | C21: Controler la fixation des supports de tendeurs et remedier au besoin
B22: Commentaire | D22: Nom et Visa Intervenants | G22: Nom et Visa Responsables

Sheet Groupe Tapis 3
B3: CHECKLIST MECANIQUE | G3: =Date!B2 -> Week ... 2025
C4: Tapis FCI+Entrée Paletiseur (8 tapis) | G4: MENSUELLE
B5: INTERVENANT
E6: FAIT?
B7: N° | C7: DESCRIPTION DES TACHES | D7: Durée | E7: OUI | F7: NON | G7: REMARQUES (MATERIEL + PIECES)
B8: 1 | C8: Ouvrir les tapis sortie depal et entrée paletiseur, nettoyer au Karcher, inspecter et reparer tout anomalie
B9: =B8+1 -> 2 | C9: Controler la fixation des reducteurs de cette zone
B10: =+B9+1 -> 3 | C10: Controler l'usure des pignons des convoyeurs des tapis de cette zone
B11: =B10+1 -> 4 | C11: controler l'alignement et la fixation des pignons sur l'axe moteur par rapport aux tapis
B12: =+B11+1 -> 5 | C12: Controler l'usure des clavettes et rainures sur l'arbre moteur et remedier ou signaler les problèmes rencontrés
B13: =B12+1 -> 6 | C13: controler l'état des glissières et leur fixation des tapis de la zone et remplacer les au besoin
B14: =+B13+1 -> 7 | C14: Controler l'etat des roulements de paliers des tapis de la zone et remplacer si necessaire
B15: =B14+1 -> 8 | C15: Controler l'usure des tapis de la zone et les remplacer au besoin. Reduire les tapis longs
B16: =+B15+1 -> 9 | C16: Graisser tous les roulements de paliers et rouleaux des tapis de la zone. Faire cette opération en marche
B17: =B16+1 -> 10 | C17: Faire appoint d'huile à l'interieur des reducteurs des tapis de cette zone
B18: =+B17+1 -> 11 | C18: Se rassurer que les couvercles de protection des courroies de transmission petit et grand tapis soient bien fixés et l'etat de la courroie
B19: =B18+1 -> 12 | C19: Controler la fixation des traverses ( supports des rails ) et reparer si necessaire
B20: =+B19+1 -> 13 | C20: Ajuster les toles de transfert entre les tapis de la zone
B21: =B20+1 -> 14 | C21: Controler la fixation des supports de tendeurs et remedier au besoin
B22: Commentaire | D22: Nom et Visa Intervenants | G22: Nom et Visa Responsables

Sheet Groupe Tapis 4
B3: CHECKLIST MECANIQUE | G3: =Date!B2 -> Week ... 2025
C4: Tapis Entrée distributeur de casiers | D4: =+'Line & frequency'!C1 -> CHAINE 5 | G4: MENSUELLE
B5: INTERVENANT
E6: FAIT?
B7: N° | C7: DESCRIPTION DES TACHES | D7: Durée | E7: OUI | F7: NON | G7: REMARQUES (MATERIEL + PIECES)
B8: 1 | C8: Ouvrir les tapis entrée distributeur de casiers, nettoyer au Karcher, inspecter et reparer tout anomalie
B9: =B8+1 -> 2 | C9: Controler la fixation des reducteurs de cette zone
B10: =+B9+1 -> 3 | C10: Controler l'usure des pignons des convoyeurs des tapis de cette zone
B11: =B10+1 -> 4 | C11: controler l'alignement et la fixation des pignons sur l'axe moteur par rapport aux tapis
B12: =+B11+1 -> 5 | C12: Controler l'usure des clavettes et rainures sur l'arbre moteur et remedier ou signaler les problèmes rencontrés
B13: =B12+1 -> 6 | C13: controler l'état des glissières et leur fixation des tapis de la zone et remplacer les au besoin
B14: =+B13+1 -> 7 | C14: Controler l'etat des roulements de paliers des tapis de la zone et remplacer si necessaire
B15: =B14+1 -> 8 | C15: Controler l'usure des tapis de la zone et les remplacer au besoin. Reduire les tapis longs
B16: =+B15+1 -> 9 | C16: Graisser tous les roulements de paliers et rouleaux des tapis de la zone. Faire cette opération en marche
B17: =B16+1 -> 10 | C17: Faire appoint d'huile à l'interieur des reducteurs des tapis de cette zone
B18: =+B17+1 -> 11 | C18: Se rassurer que les couvercles de protection des courroies de transmission petit et grand tapis soient bien fixés et l'etat de la courroie
B19: =B18+1 -> 12 | C19: Controler la fixation des traverses ( supports des rails ) et reparer si necessaire
B20: =+B19+1 -> 13 | C20: Ajuster les toles de transfert entre les tapis de la zone
B21: =B20+1 -> 14 | C21: Controler la fixation des supports de tendeurs et remedier au besoin
B22: Commentaire | D22: Nom et Visa Intervenants | G22: Nom et Visa Responsables

Sheet Line & frequency
B1: Line | C1: CHAINE 5
B2: Frequency | C2: HEBDOMADAIRE

Sheet Station lubrification 
B3: CHECKLIST MECANIQUE | G3: =Date!B2 -> Week ... 2025
C4: Station Lubrification | D4: =+'Line & frequency'!C1 -> CHAINE 5 | G4: =+'Line & frequency'!C2 -> HEBDOMADAIRE
B5: INTERVENANT | D5: MOTTO + TCHAHA
C6: Heure début:……………………………………………… Heure fin : ……………………………………… | E6: FAIT?
B7: N° | C7: DESCRIPTION DES TACHES | D7: Durée | E7: OUI | F7: NON | G7: REMARQUES (MATERIEL + PIECES)
B8: 1 | C8: Nettoyer les filtres des stations de lubrification
B9: =B8+1 -> 2 | C9: Controler la valeur de la pression à la sortie des pompes des stations de lubrification. 4bars
B10: =+B9+1 -> 3
B11: =B10+1 -> 4
B12: =+B11+1 -> 5
B13: =B12+1 -> 6
B14: =+B13+1 -> 7
B15: =B14+1 -> 8
B16: =+B15+1 -> 9
B17: =B16+1 -> 10
B18: =+B17+1 -> 11
B19: =B18+1 -> 12
B20: =+B19+1 -> 13
B21: =B20+1 -> 14
B22: Commentaire | D22: Nom et Visa Intervenants | G22: Nom et Visa Responsables
