Workbook
Name _PG1: #REF!
Name _PG2: #REF!
Name _PG3: #REF!
Name _PG4: #REF!
Name _PG5: #REF!
Name _PG6: #REF!
Name _PG7: #REF!
Name _PG8: #REF!
Name ACCOUNT: [1]SAP!$C$5:$C$977
Name act2nd: #REF!
Name act2ndrands: #REF!
Name actual1st: #REF!
Name actual1strands: #REF!
Name actualacccc: #REF!
Name actuals: #REF!
Name budgetacccc: #REF!
Name CCACCOUNT: [1]SAP!$Q$5:$Q$977
Name CCMM: [1]SAP!$H$5:$H$977
Name CCMMBRAND: [1]SAP!$M$5:$M$977
Name DATA1: #REF!
Name DATA10: #REF!
Name DATA11: #REF!
Name DATA2: #REF!
Name DATA3: #REF!
Name DATA4: #REF!
Name DATA5: #REF!
Name DATA6: #REF!
Name DATA7: #REF!
Name DATA8: #REF!
Name DATA9: #REF!
Name desc: [2]Sheet1!$H$35:$I$240
Name desc: [3]Sheet1!$H$35:$I$240
Name NORTH: #REF!
Name OPPASUMM: #REF!
Name RAND: [1]SAP!$G$5:$G$977
Name rands: #REF!
Name randsact: #REF!
Name randsbud: #REF!
Name SOUTH: #REF!
Name TEST0: #REF!
Name TESTHKEY: #REF!
Name TESTKEYS: #REF!
Name TESTVKEY: #REF!
Name wksorder: #REF!
Name wksorderrands: #REF!

Sheet Date
B2: Week ...2025
I4: =+Date!B2 -> Week ...2025

Sheet Appolo 1 Hebdo
D3: CHECKLIST HEBDOMADAIRE ELECTRIQUE | I3: CODE:
I4: =+Date!B2 -> Week ...2025
I5: Semaine:
B6: MACHINE | D6: APPOLO 1 CHAINE 5
B7: INTERVENANT
G10: FAIT?
B11: N° | C11: DESCRIPTION DES TACHES | F11: Durée | G11: OUI | H11: NON | I11: REMARQUES (MATERIEL + PIECES)
B12: 1 | C12: Vérifier le bon état des capteurs et controler le serrage des leurs supports de fixation
B13: 2 | C13: Nettoyer les motoréducteurs et sectionneurs
B14: 3 | C14: serrer les connecteurs des photocellules
B15: 4 | C15: controler fixation et centrage du faisseau lumineux des photocellules
B16: 5 | C16: nettoyer les reflecteurs
B17: 6 | C17: controler le retour des signaux des sectionneurs à l'IHM
B18: 7 | C18: contrôler le fonctionnement du bouton reset et du commutateur de mise en manuel-auto
B19: 6 | C19: controler le retour des signaux des photocellules (bourrage à l'entrée et à la sortie) au PLC
B20: =B19+1 -> 7 | C20: Tester la machine
B21: =B20+1 -> 8
B22: =B21+1 -> 9
B23: =B22+1 -> 10
B24: =B23+1 -> 11
B25: =B24+1 -> 12
B26: Nom et Visa Intervenants | E26: Commentaire Général | I26: Nom et Visa Responsables

Sheet Appolo 2 Hebdo
D3: CHECKLIST HEBDOMADAIRE ELECTRIQUE | I3: CODE:
I4: =+Date!B2 -> Week ...2025
I5: Semaine:
B6: MACHINE | D6: APPOLO 2 CHAINE 5
B7: INTERVENANT
G10: FAIT?
B11: N° | C11: DESCRIPTION DES TACHES | F11: Durée | G11: OUI | H11: NON | I11: REMARQUES (MATERIEL + PIECES)
B12: 1 | C12: Vérifier le bon état des capteurs et controler le serrage des leurs supports de fixation
B13: 2 | C13: Nettoyer les motoréducteurs et sectionneurs
B14: 3 | C14: serrer les connecteurs des photocellules
B15: 4 | C15: controler fixation et centrage du faisseau lumineux des photocellules
B16: 5 | C16: nettoyer les reflecteurs
B17: 6 | C17: contrôler la ventillation du moteur
B18: 7 | C18: contrôler le fonctionnement du bouton reset et du commutateur de mise en manuel-auto
B19: 6 | C19: controler le retour des signaux des photocellules (bourrage à l'entrée et à la sortie) au PLC
B20: =B19+1 -> 7 | C20: Tester la machine
B21: =B20+1 -> 8
B22: =B21+1 -> 9
B23: =B22+1 -> 10
B24: =B23+1 -> 11
B25: =B24+1 -> 12
B26: =B25+1 -> 13
B27: =B26+1 -> 14
B28: =B27+1 -> 15
B29: =B28+1 -> 16
B30: =B29+1 -> 17
B31: =B30+1 -> 18
B32: =B31+1 -> 19
B33: Nom et Visa Intervenants | E33: Commentaire Général | I33: Nom et Visa Responsables

Sheet Appolo 3 Hebdo
D3: CHECKLIST HEBDOMADAIRE ELECTRIQUE | I3: CODE:
I4: =+Date!B2 -> Week ...2025
I5: Semaine:
B6: MACHINE | D6: APPOLO 3 CHAINE 5
B7: INTERVENANT
G10: FAIT?
B11: N° | C11: DESCRIPTION DES TACHES | F11: Durée | G11: OUI | H11: NON | I11: REMARQUES (MATERIEL + PIECES)
B12: 1 | C12: Vérifier le bon état des capteurs et controler le serrage des leurs supports de fixation
B13: 2 | C13: Nettoyer les motoréducteurs et sectionneurs
B14: 3 | C14: serrer les connecteurs des photocellules
B15: 4 | C15: controler fixation et centrage du faisseau lumineux des photocellules
B16: 5 | C16: nettoyer les reflecteurs
B17: 6 | C17: controler le retour des signaux des photocellules (bourrage à l'entrée et à la sortie) au PLC
B18: 7 | C18: contrôler la ventillation du moteur
B19: 8 | C19: contrôler le fonctionnement dubouton reset et du commutateur de mise en manuel-auto
B20: =B19+1 -> 9 | C20: Tester la machine
B21: =B20+1 -> 10
B22: =B21+1 -> 11
B23: =B22+1 -> 12
B24: =B23+1 -> 13
B25: =B24+1 -> 14
B26: =B25+1 -> 15
B27: =B26+1 -> 16
B28: =B27+1 -> 17
B29: =B28+1 -> 18
B30: =B29+1 -> 19
B31: =B30+1 -> 20
B32: =B31+1 -> 21
B33: Nom et Visa Intervenants | E33: Commentaire Général | I33: Nom et Visa Responsables

Sheet Appolo 4 Hebdo
D3: CHECKLIST HEBDOMADAIRE ELECTRIQUE | I3: CODE:
I4: =+Date!B2 -> Week ...2025
I5: Semaine:
B6: MACHINE | D6: APPOLO 4 CHAINE 5
B7: INTERVENANT
G10: FAIT?
B11: N° | C11: DESCRIPTION DES TACHES | F11: Durée | G11: OUI | H11: NON | I11: REMARQUES (MATERIEL + PIECES)
B12: 1 | C12: Vérifier le bon état des capteurs et controler le serrage des leurs supports de fixation
B13: 2 | C13: Nettoyer les motoréducteurs et sectionneurs
B14: =B13+1 -> 3 | C14: serrer les connecteurs des photocellules
B15: =B14+1 -> 4 | C15: controler fixation et centrage du faisseau lumineux des photocellules
B16: =B15+1 -> 5 | C16: nettoyer les reflecteurs
B17: =B16+1 -> 6 | C17: controler le retour des signaux des photocellules (bourrage à l'entrée et à la sortie) au PLC
B18: =B17+1 -> 7 | C18: contrôler la ventillation du moteur
B19: =B18+1 -> 8 | C19: contrôler le fonctionnement du bouton reset et du commutateur de mise en manuel-auto
B20: =B19+1 -> 9 | C20: Tester la machine
B21: =B20+1 -> 10
B22: =B21+1 -> 11
B23: =B22+1 -> 12
B24: =B23+1 -> 13
B25: =B24+1 -> 14
B26: =B25+1 -> 15
B27: =B26+1 -> 16
B28: =B27+1 -> 17
B29: =B28+1 -> 18
B30: =B29+1 -> 19
B31: =B30+1 -> 20
B32: =B31+1 -> 21
B33: =B32+1 -> 22
B34: Nom et Visa Intervenants | E34: Commentaire Général | I34: Nom et Visa Responsables

Sheet Blower Mensuel
D3: CHECKLIST MENSUELLE ELECTRIQUE | I3: CODE:
I4: =+Date!B2 -> Week ...2025
I5: Semaine:
B6: MACHINE | D6: BLOWER L5
B7: INTERVENANT
G10: FAIT?
B11: N° | C11: DESCRIPTION DES TACHES | F11: Durée | G11: OUI | H11: NON | I11: REMARQUES (MATERIEL + PIECES)
B12: 1 | C12: Controler le fonctionnement de toutes les portes de sécurité
B13: =B12+1 -> 2 | C13: Mesurer la valeur ohmique des enroulements des 4 moteurs des pompes
B14: =B13+1 -> 3 | C14: Controler le serrage des bornes des moteurs des 4 pompes
B15: =B14+1 -> 4
B16: =B15+1 -> 5
B17: =B16+1 -> 6
B18: Nom et Visa Intervenants | E18: Commentaire Général | I18: Nom et Visa Responsables

Sheet Convoyeurs bouteilles Hebdo 
D3: CHECKLIST HEBDOMADAIRE ELECTRIQUE | I3: CODE:
I4: =+Date!B2 -> Week ...2025
I5: Semaine:
B6: MACHINE | D6: CONVOYEURS BOUTEILLES L5
B7: INTERVENANT
G10: FAIT?
B11: N° | C11: DESCRIPTION DES TACHES | F11: Durée | G11: OUI | H11: NON | I11: REMARQUES (MATERIEL + PIECES)
B12: 1 | C12: Vérifier le bon état des capteurs et controler le serrage des leurs supports de fixation
B13: =B12+1 -> 2 | C13: Nettoyer les motoréducteurs et sectionneurs
B14: =B13+1 -> 3 | C14: ranger et fermer les chemins de câble, vider les chemins de câbles
B15: =B14+1 -> 4 | C15: serrer les connecteurs des photocellules
B16: =B15+1 -> 5 | C16: controler fixation et centrage du faisseau lumineux des photocellules
B17: =B16+1 -> 6 | C17: nettoyer les reflecteurs
B18: =B17+1 -> 7 | C18: controler le retour des signaux des photocellules au PLC
B19: =B18+1 -> 8 | C19: controler le retour des signaux des sectionneurs au PLC
B20: =B19+1 -> 9 | C20: controler le retour des signaux des capteurs inductifs au PLC
B21: =B20+1 -> 10 | C21: controler le retour des signaux des sectionneurs au PLC
B22: =B21+1 -> 11 | C22: controler à l'aide de la bouteille les balanciers de la sortie pasto
B23: =B22+1 -> 12 | C23: controler et Normaliser les câbles des moteurs, sectionneurs et capteurs
B24: =B23+1 -> 13 | C24: verrifier le reglage du curseur de commutation des photocellules
... B29: =B28+1 -> 18 | C29: Redresser les balanciers tordus et contrôler les retours signaux
B30: =B29+1 -> 19
B31: =B30+1 -> 20
B32: =B31+1 -> 21
B33: Nom et Visa Intervenants | E33: Commentaire Général | I33: Nom et Visa Responsables

Sheet Convoyeurs bouteilles Mensuel
D3: CHECKLIST MENSUEL ELECTRIQUE | I3: CODE:
I4: =+Date!B2 -> Week ...2025
I5: Semaine:
B6: MACHINE | D6: CONVOYEURS BOUTEILLES CHAINE 5
B7: INTERVENANT
G10: FAIT?
B11: N° | C11: DESCRIPTION DES TACHES | F11: Durée | G11: OUI | H11: NON | I11: REMARQUES (MATERIEL + PIECES)
B12: 1 | C12: Vérifier le bon état des capteurs et controler le serrage des leurs supports de fixation
B13: =B12+1 -> 2 | C13: Nettoyer les motoréducteurs et sectionneurs
B14: =B13+1 -> 3 | C14: ranger et fermer les chemins de câble, vider les chemins de câbles
B15: =B14+1 -> 4 | C15: serrer les connecteurs des photocellules
B16: =B15+1 -> 5 | C16: controler fixation et centrage du faisseau lumineux des photocellules
B17: =B16+1 -> 6 | C17: nettoyer les reflecteurs
B18: =B17+1 -> 7 | C18: controler le retour des signaux des photocellules à l'IHM
B19: =B18+1 -> 8 | C19: controler le retour des signaux des sectionneurs à l'IHM
B20: =B19+1 -> 9 | C20: controler le retour des signaux des capteurs inductifs à l'IHM
B21: =B20+1 -> 10 | C21: controler à l'aide de la bouteille les balanciers de la sortie pasto
B22: =B21+1 -> 11 | C22: contrôler la ventillation des moteurs
B23: =B22+1 -> 12 | C23: controler et Normaliser les câbles dans des moteurs, sectionneurs et capteurs
B24: =B23+1 -> 13
B25: =B24+1 -> 14
B26: =B25+1 -> 15 | C26: Tester la machine
B27: =B26+1 -> 16
B28: =B27+1 -> 17
B29: =B28+1 -> 18
B30: =B29+1 -> 19
B31: =B30+1 -> 20
B32: =B31+1 -> 21
B33: Nom et Visa Intervenants | E33: Commentaire Général | I33: Nom et Visa Responsables

Sheet Convoyeurs casiers 1TG Hebdo 
D3: CHECKLIST HEBDO ELECTRIQUE | I3: CODE:
I4: =+Date!B2 -> Week ...2025
I5: Semaine:
B6: MACHINE | D6: CONVOYEURS CASIERS 1TG CHAINE 5
B7: INTERVENANT
G10: FAIT?
B11: N° | C11: DESCRIPTION DES TACHES | F11: Durée | G11: OUI | H11: NON | I11: REMARQUES (MATERIEL + PIECES)
B12: 1 | C12: Vérifier le bon état des capteurs et controler le serrage des leurs supports de fixation
B13: 2 | C13: Nettoyer les motoréducteurs et sectionneurs
B14: 3 | C14: controler fixation et centrage du faisseau lumineux des photocellules
B15: 4 | C15: nettoyer les reflecteurs
B16: 5 | C16: controler le retour des signaux des photocellules au PLC
B17: 6 | C17: controler le retour des signaux des sectionneurs au PLC
B18: 7 | C18: verifier la ventillation armoires electriques et depoussierer
B19: 8 | C19: ranger les chemins de câble et Nettoyer
B20: 9 | C20: controler le fontionnement des boutons d'arrêt d'urgence
B21: 10 | C21: controler le fontionnement des boutons reset, Marche et arrêt
B22: =B21+1 -> 11 | C22: Tester la machine
B23: =B22+1 -> 12 | C23: Nettoyer l'armoire electrique et se rassurer de la presence du schema electrique
B24: =B23+1 -> 13
B25: =B24+1 -> 14
B26: =B25+1 -> 15
B27: =B26+1 -> 16
B28: =B27+1 -> 17
B29: =B28+1 -> 18
B30: =B29+1 -> 19
B31: =B30+1 -> 20
B32: Nom et Visa Intervenants | E32: Commentaire Général | I32: Nom et Visa Responsables

Sheet Convoyeurs casiers 2TG Hebdo 
D3: CHECKLIST HEBDO ELECTRIQUE | I3: CODE:
I4: =+Date!B2 -> Week ...2025
I5: Semaine:
B6: MACHINE | D6: CONVOYEURS CASIERS 2TG CHAINE 5
B7: INTERVENANT
G10: FAIT?
B11: N° | C11: DESCRIPTION DES TACHES | F11: Durée | G11: OUI | H11: NON | I11: REMARQUES (MATERIEL + PIECES)
B12: 1 | C12: Vérifier le bon état des capteurs et controler le serrage des leurs supports de fixation
B13: 2 | C13: Nettoyer les motoréducteurs et sectionneurs
B14: 3 | C14: controler fixation et centrage du faisseau lumineux des photocellules
B15: 4 | C15: nettoyer les reflecteurs
B16: 5 | C16: controler le retour des signaux des photocellules au PLC
B17: 6 | C17: controler le retour des signaux des sectionneurs au PLC
B18: 7 | C18: verifier la ventillation armoires electriques et depoussierer
B19: 8 | C19: ranger les chemins de câble et Nettoyer
B20: 9 | C20: controler le fontionnement des boutons d'arrêt d'urgence
B21: 10 | C21: controler le fontionnement des boutons reset, Marche et arrêt
B22: =B21+1 -> 11 | C22: Tester la machine
B23: =B22+1 -> 12 | C23: Nettoyer l'armoire electrique et se rassurer de la presence du schema electrique
B24: =B23+1 -> 13
B25: =B24+1 -> 14
B26: =B25+1 -> 15
B27: =B26+1 -> 16
B28: =B27+1 -> 17
B29: =B28+1 -> 18
B30: =B29+1 -> 19
B31: =B30+1 -> 20
B32: Nom et Visa Intervenants | E32: Commentaire Général | I32: Nom et Visa Responsables

Sheet Convoyeurs casiers 2TG Mens
D3: CHECKLIST MENSUELLE ELECTRIQUE | I3: CODE:
I4: =+Date!B2 -> Week ...2025
I5: Semaine:
B6: MACHINE | D6: CONVOYEUR 2TG
B7: INTERVENANT
G10: FAIT?
B11: N° | C11: DESCRIPTION DES TACHES | F11: Durée | G11: OUI | H11: NON | I11: REMARQUES (MATERIEL + PIECES)
B12: 1 | C12: Vérifier le bon état des capteurs et controler le serrage des leurs supports de fixation
B13: 2 | C13: Contrôler la ventillation des moteurs
B14: 3 | C14: Serrer les connecteurs des photocellules
B15: 4 | C15: Controler fixation et centrage du faisseau lumineux des photocellules
B16: 5 | C16: Nettoyer les reflecteurs
B17: 6 | C17: Controler le retour des signaux des photocellules à l'ihm
B18: 7 | C18: Controler le retour des signaux des sectionneurs à l'ihm
B19: 8 | C19: Verifier la ventillation armoires electriques et depoussiérer si présence armoire
B20: 9 | C20: Ranger les chemins de câble et nettoyer
B21: 10 | C21: Tester la machine
B22: =B21+1 -> 11
B23: =B22+1 -> 12
B24: =B23+1 -> 13
B25: =B24+1 -> 14
B26: =B25+1 -> 15
B27: =B26+1 -> 16
B28: =B27+1 -> 17
B29: =B28+1 -> 18
B30: =B29+1 -> 19
B31: Nom et Visa Intervenants | E31: Commentaire Général | I31: Nom et Visa Responsables

Sheet Dateuse de corps A550i  hebdo
D3: CHECKLIST HEBDOMADAIRE ELECTRIQUE | I3: CODE:
I4: =+Date!B2 -> Week ...2025
I5: Semaine:
B6: MACHINE | D6: DATEUSE CORPS
B7: INTERVENANT | D7: KAMDEU
G10: FAIT?
B11: N° | C11: DESCRIPTION DES TACHES | F11: Durée | G11: OUI | H11: NON | I11: REMARQUES (MATERIEL + PIECES)
B12: 1 | C12: Nettoyer au solvant la tete de prehension
B13: =B12+1 -> 2 | C13: Nettoyer à l'eau savonée le corps et le support de la tete de la machine
B14: =B13+1 -> 3 | C14: Nettoyer au couteau, les glissières des convoyeurs où sont positionnées les tetes d'impression
B15: =B14+1 -> 4 | C15: Nettoyer prudemmant le HMI
B16: =B15+1 -> 5 | C16: Controler le serrage des connecteurs de la machines
B17: =B16+1 -> 6 | C17: Controler l'air d'alimentation de la machine
B18: =B17+1 -> 7 | C18: Controler les niveaux des consommables et faire appoint
B19: =B18+1 -> 8 | C19: Se rassurer de la qualité d'impression et ajuster au besoin
B20: =B19+1 -> 9 | C20: Tester la machine
B21: =B20+1 -> 10
B22: =B21+1 -> 11
B23: =B22+1 -> 12
B24: =B23+1 -> 13
B25: =B24+1 -> 14
B26: =B25+1 -> 15
B27: Nom et Visa Intervenants | E27: Commentaire Général | I27: Nom et Visa Responsables

Sheet Dateuse de corps A550i Mensuel
D3: CHECKLIST MENSUELLE ELECTRIQUE | I3: CODE:
I4: =+Date!B2 -> Week ...2025
I5: Semaine:
B6: MACHINE | D6: Dateuse de corps CHAINE 5
B7: INTERVENANT | D7: KAMDEU
G10: FAIT?
B11: N° | C11: DESCRIPTION DES TACHES | F11: Durée | G11: OUI | H11: NON | I11: REMARQUES (MATERIEL + PIECES)
B12: 1 | C12: Nettoyer le filtre à air
B13: =B12+1 -> 2 | C13: Nettoyer la buse
B14: =B13+1 -> 3 | C14: Purger le filtre du système d'encre
B15: =B14+1 -> 4 | C15: Purger la tete
B16: =B15+1 -> 5
B17: =B16+1 -> 6
B18: =B17+1 -> 7
B19: =B18+1 -> 8
B20: =B19+1 -> 9
B21: =B20+1 -> 10
B22: =B21+1 -> 11
B23: =B22+1 -> 12
B24: =B23+1 -> 13
B25: =B24+1 -> 14
B26: =B25+1 -> 15
B27: Nom et Visa Intervenants | E27: Commentaire Général | I27: Nom et Visa Responsables

Sheet Dateuse de corps A550i 6mois
D3: CHECKLIST HEBDOMADAIRE ELECTRIQUE | I3: CODE:
I4: =+Date!B2 -> Week ...2025
I5: Semaine:
B6: MACHINE | D6: Dateuse de tetes CHAINE 5
B7: INTERVENANT | D7: KAMDEU
G10: FAIT?
B11: N° | C11: DESCRIPTION DES TACHES | F11: Durée | G11: OUI | H11: NON | I11: REMARQUES (MATERIEL + PIECES)
B12: 1 | C12: Remplacer le reservoir I tech Module | F12: 120
B13: =B12+1 -> 2
B14: =B13+1 -> 3
B15: =B14+1 -> 4
B16: =B15+1 -> 5
B17: =B16+1 -> 6
B18: =B17+1 -> 7
B19: =B18+1 -> 8
B20: =B19+1 -> 9
B21: =B20+1 -> 10
B22: =B21+1 -> 11
B23: =B22+1 -> 12
B24: =B23+1 -> 13
... B26: =B25+1 -> 15
B27: Nom et Visa Intervenants | E27: Commentaire Général | I27: Nom et Visa Responsables

Sheet Dateuse de tete A550i heddo
D3: CHECKLIST HEBDOMADAIRE ELECTRIQUE | I3: CODE:
I4: =+Date!B2 -> Week ...2025
I5: Semaine:
B6: MACHINE | D6: Dateuse de tete CHAINE 5
B7: INTERVENANT | D7: KAMDEU
G10: FAIT?
B11: N° | C11: DESCRIPTION DES TACHES | F11: Durée | G11: OUI | H11: NON | I11: REMARQUES (MATERIEL + PIECES)
B12: 1 | C12: Nettoyer au solvant la tete de prehension
B13: =B12+1 -> 2 | C13: Nettoyer à l'eau savonée le corps et le support de la tete de la machine
B14: =B13+1 -> 3 | C14: Nettoyer au couteau, les glissières des convoyeurs où sont positionnées les tetes d'impression
B15: =B14+1 -> 4 | C15: Nettoyer prudemmant le HMI
B16: =B15+1 -> 5 | C16: Controler le serrage des connecteurs de la machines
B17: =B16+1 -> 6 | C17: Controler l'air d'alimentation de la machine
B18: =B17+1 -> 7 | C18: Controler les niveaux des consommables et faire appoint
B19: =B18+1 -> 8 | C19: Se rassurer de la qualité d'impression et ajuster au besoin
B20: =B19+1 -> 9 | C20: Tester la machine
B21: =B20+1 -> 10
B22: =B21+1 -> 11
B23: =B22+1 -> 12
B24: =B23+1 -> 13
B25: =B24+1 -> 14
B26: =B25+1 -> 15
B27: Nom et Visa Intervenants | E27: Commentaire Général | I27: Nom et Visa Responsables

Sheet Dateuse de tete A550i Mens
D3: CHECKLIST Mensuelle ELECTRIQUE | I3: CODE:
I4: =+Date!B2 -> Week ...2025
I5: Semaine:
B6: MACHINE | D6: DATEUSE TETE
B7: INTERVENANT | D7: KAMDEU
G10: FAIT?
B11: N° | C11: DESCRIPTION DES TACHES | F11: Durée | G11: OUI | H11: NON | I11: REMARQUES (MATERIEL + PIECES)
B12: 1 | C12: Nettoyer le filtre à air
B13: =B12+1 -> 2 | C13: Nettoyer la buse
B14: =B13+1 -> 3 | C14: Purger le filtre du système d'encre
B15: =B14+1 -> 4 | C15: Purger la tete
B16: =B15+1 -> 5 | C16: Controler la fixation de l'encodeur, du connecteur et de son accouplement
B17: =B16+1 -> 6
B18: =B17+1 -> 7
B19: =B18+1 -> 8
B20: =B19+1 -> 9
B21: =B20+1 -> 10
B22: =B21+1 -> 11
B23: =B22+1 -> 12
B24: =B23+1 -> 13
B25: =B24+1 -> 14
B26: =B25+1 -> 15
B27: Nom et Visa Intervenants | E27: Commentaire Général | I27: Nom et Visa Responsables

Sheet Dateuse de tete A550i 6mois
D3: CHECKLIST ELECTRIQUE SEMESTRIELLE | I3: CODE:
I4: =+Date!B2 -> Week ...2025
I5: Semaine:
B6: MACHINE | D6: Dateuse de tetes CHAINE 5
B7: INTERVENANT | D7: KAMDEU
G10: FAIT?
B11: N° | C11: DESCRIPTION DES TACHES | F11: Durée | G11: OUI | H11: NON | I11: REMARQUES (MATERIEL + PIECES)
B12: 1 | C12: Remplacer le reservoir I tech Module | F12: 120
B13: =B12+1 -> 2
B14: =B13+1 -> 3
B15: =B14+1 -> 4
B16: =B15+1 -> 5
B17: =B16+1 -> 6
B18: =B17+1 -> 7
B19: =B18+1 -> 8
B20: =B19+1 -> 9
B21: =B20+1 -> 10
B22: =B21+1 -> 11
B23: =B22+1 -> 12
B24: =B23+1 -> 13
... B26: =B25+1 -> 15
B27: Nom et Visa Intervenants | E27: Commentaire Général | I27: Nom et Visa Responsables

Sheet Dépalettiseur Hebdo
D3: CHECKLIST HEBDOMADAIRE ELECTRIQUE | I3: CODE:
I4: =+Date!B2 -> Week ...2025
I5: Semaine:
B6: MACHINE | D6: DEPALLETISEUR L5
B7: INTERVENANT | D7: BAYEGLE
G10: FAIT?
B11: N° | C11: DESCRIPTION DES TACHES | F11: Durée | G11: OUI | H11: NON | I11: REMARQUES (MATERIEL + PIECES)
B12: 1 | C12: dépoussierer et nettoyer l'armoires et coffret électrique
B13: 2 | C13: Vérifier le bon état des capteurs et controler le serrage des leurs supports de fixation et de leurs reflecteurs
B14: 3 | C14: Nettoyer les motoréducteurs et sectionneurs
B15: 4 | C15: Nettoyer les chemins de câble, vider, ranger et fermerles chemins de câble s
B16: 5 | C16: controler les câbles de communication
B17: 6 | C17: controler le retour des signaux des photocellules à l'IHM
B18: 7 | C18: serrer les connecteurs des photocellules et capteurs inductifs
B19: 8 | C19: verifier la ventillation armoires electriques et depoussierer
B20: 9 | C20: controler la position et l'état des détecteurs de vérins sur le chariot
B21: 10 | C21: controler le bon fonctionnement des capteurs de sécurité
B22: 11 | C22: contrôler la ventillation du moteur
B23: 12 | C23: nettoyer les reflecteurs
B24: 13 | C24: Depoussierer tous les modules déportés de la machine; vérifier que les cables sont bien fixés sur les modules
B25: =B24+1 -> 14 | C25: Tester la machine
B26: =B25+1 -> 15 | C26: Nettoyer l'armoire electrique et se rassurer de la presence du schema electrique
B27: =B26+1 -> 16 | C27: Contrôler les câbles de puissance des servo-moteurs des poussoirs et de la traversée
B28: =B27+1 -> 17
B29: =B28+1 -> 18
B30: =B29+1 -> 19
B31: =B30+1 -> 20
B32: Nom et Visa Intervenants | E32: Commentaire Général | I32: Nom et Visa Responsables

Sheet Dépalettiseur MENSUELLE
D3: CHECKLIST MENSUELLE ELECTRIQUE | I3: CODE:
I4: =+Date!B2 -> Week ...2025
I5: Semaine:
B6: MACHINE | D6: DEPALETTISEUR CHAINE 5
B7: INTERVENANT
G10: FAIT?
B11: N° | C11: DESCRIPTION DES TACHES | F11: Durée | G11: OUI | H11: NON | I11: REMARQUES (MATERIEL + PIECES)
B12: 1 | C12: Verifier l'etat des freins des moteurs
B13: 2 | C13: Mesurer la valeur ohmique des enroulements des moteurs
B14: 3 | C14: Controler le serrage des bornes des moteurs
B15: 4 | C15: Controler le serrage des contacts des contacteurs, relais, variateur et disjoncteurs
B16: 5 | C16: Controler l'état des électrovannes
B17: 6 | C17: Controler le serrage des contacts dans les pcb (modules déportés) et sur les cartes de l'automate
B18: 7
B19: 8
B20: 9
B21: 10
B22: 11
B23: 12
B24: 13
B25: =B24+1 -> 14
B26: =B25+1 -> 15
B27: =B26+1 -> 16
B28: =B27+1 -> 17
B29: =B28+1 -> 18
B30: =B29+1 -> 19
B31: =B30+1 -> 20
B32: Nom et Visa Intervenants | E32: Commentaire Général | I32: Nom et Visa Responsables

Sheet Décaisseuse Hebdo
D3: CHECKLIST HEBDOMADAIRE ELECTRIQUE | I3: CODE:
I4: =+Date!B2 -> Week ...2025
I5: Semaine:
B6: MACHINE | D6: DECAISSEUSE CHAINE 5
B7: INTERVENANT
G10: FAIT?
B11: N° | C11: DESCRIPTION DES TACHES | F11: Durée | G11: OUI | H11: NON | I11: REMARQUES (MATERIEL + PIECES)
B12: 1 | C12: controler fixation et centrage du faisseau lumineux des photocellules
B13: =B12+1 -> 2 | C13: nettoyer les reflecteurs
B14: =B13+1 -> 3 | C14: controler le retour des signaux des photocellules à l'IHM
B15: =B14+1 -> 4 | C15: controler le bon fonctionnement des electrovannes
B16: =B15+1 -> 5 | C16: contrôler la ventillation des moteurs et servomoteurs
B17: =B16+1 -> 6 | C17: ranger les chemins de câble
B18: =B17+1 -> 7 | C18: controler le fonctionnement des barrières de sécurité. S'assurer que lorsqu'on ouvre une des portes, la machine s'arrete.
B19: =B18+1 -> 8 | C19: controler le fonctionnement des boutons d'arrets d'urgence. S'assurer que lorsqu'on appuie sur les boutons d'arrets d'urgence que la machine s'arrete.
B20: =B19+1 -> 9 | C20: Tester la machine
B21: =B20+1 -> 10 | C21: Nettoyer l'armoire electrique et se rassurer de la presence du schema electrique
B22: =B21+1 -> 11
B23: =B22+1 -> 12
B24: =B23+1 -> 13
B25: =B24+1 -> 14
B26: =B25+1 -> 15
B27: =B26+1 -> 16
B28: =B27+1 -> 17
B29: =B28+1 -> 18
B30: =B29+1 -> 19
B31: =B30+1 -> 20
B32: =B31+1 -> 21
B33: =B32+1 -> 22
B34: Nom et Visa Intervenants | E34: Commentaire Général | I34: Nom et Visa Responsables

Sheet Décaisseuse Mensuelle
D3: CHECKLIST MENSUELLE ELECTRIQUE | I3: CODE:
I4: =+Date!B2 -> Week ...2025
I5: Semaine:
B6: MACHINE | D6: DECAISSEUSE L5
B7: INTERVENANT | D7: GUIFFO
G10: FAIT?
B11: N° | C11: DESCRIPTION DES TACHES | F11: Durée | G11: OUI | H11: NON | I11: REMARQUES (MATERIEL + PIECES)
B12: 1 | C12: Verifier l'etat des freins des moteurs
B13: =B12+1 -> 2 | C13: Mesurer la valeur ohmique des enroulements
B14: =B13+1 -> 3 | C14: Controler le serrage des bornes des moteurs
B15: =B14+1 -> 4 | C15: Controler le serrage des contacts des contacteurs, relais, variateur et disjoncteurs
B16: =B15+1 -> 5 | C16: Controler l'état des électrovannes
B17: =B16+1 -> 6 | C17: Controler le serrage des contacts sur les cartes de l'automate
B18: =B17+1 -> 7
B19: =B18+1 -> 8
B20: =B19+1 -> 9
B21: Nom et Visa Intervenants | E21: Commentaire Général | I21: Nom et Visa Responsables

Sheet  EBI Hebdomadaire
D3: LISTE DE VÉRIFICATION HEBDOMADAIRE ÉLECTRIQUE | I3: CODÉ :
I4: =+Date!B2 -> Week ...2025
I5: La semaine:
B6: MACHINE | D6: EBI L5
B7: CONFÉRENCIER
G10: FAIS?
B11: Non. | C11: DESCRIPTION DES TÂCHES | F11: Durée | G11: OUI | H11: NAN | I11: REMARQUES (MATÉRIEL + PIÈCES)
B12: 1 | C12: vérifier la ventilation pour la poussière
B13: 2 | C13: nettoyez le verre de protection du côté du flash et du côté de l'appareil photo de la sortie de la paroi latérale
B14: 3 | C14: nettoyez le verre de protection côté flash et côté appareil photo de la paroi latérale
B15: 4 | C15: Nettoyage des photocellules et des réflecteurs du "déclencheur de mur d'entrée" et du "déclencheur de mur de sortie", et des "capteurs de blocage de mur
B16: 5 | C16: Nettoyage des photocellules et des réflecteurs du "déclencheur de mur d'entrée" et du "déclencheur de mur de sortie", et des "capteurs de blocage de mur
B17: 6 | C17: nettoyez le verre de protection côté flash et côté appareil photo entrée de la paroi latérale
B18: 7 | C18: Vérifiez la gâchette d'inspection. Assurez-vous que le déclencheur arrive à la carte d'entrée
B19: 8 | C19: Effectuer une lubrification centralisée des roulements
B20: 9 | C20: Remplacer le filtre stérile du dispositif de pulvérisation pour le cou
B21: 10 | C21: Démontez et nettoyez les buses du cou et assurez-vous que l'ensemble est nettoyé
B22: 11 | C22: Vérifiez que la chaîne du convoyeur n'est pas saccadée. S'il y a des secousses, assurez-vous que la chaîne est remplacée
B23: 12 | C23: Vérifier, graisser et tendre la chaine de transmission pour le réglage en hauteur du boitier caméra
... B35: 24 | C35: Nettoyez la machine et faites un test de bouteille
B36: Nom et visa Intervenants | E36: Commentaire général | I36: Nom et visa du responsable

Sheet  EBI Mensuel
D3: CHECKLIST MENSUELLE | I3: CODÉ :
I4: =+[8]Date!B2 -> Week 30 2025
I5: La semaine:
B6: MACHINE | D6: CHAÎNE EBI CHAINE 5
B7: CONFÉRENCIER | D7: SIMO
G10: FAIS?
B11: Non. | C11: DESCRIPTION DES TÂCHES | F11: Durée | G11: OUI | H11: NAN | I11: REMARQUES (MATÉRIEL + PIÈCES)
B12: 1 | C12: Controler l'allongement de la chaine à la sortie et s'assurer que la valeur du prediviseur y correspond afin d'avoir une parfaite ejection des mauvaises bouteilles.
B13: 2 | C13: Ouvrir la chaine à palettes à l'entrée, nettoyer, réparer rails, glissières et remplacer maillons tordus (INFORMER SPECIALISTE EN CAS DE REDUCTION OU ALLONGEMENT DE CHAINE OU TOUTE AUTRE REPARATION)
B14: 3 | C14: Ouvrir la chaine à palettes à la sortie, nettoyer, réparer rails, glissières et remplacer maillons tordus (INFORMER SPECIALISTE EN CAS DE REDUCTION OU ALLONGEMENT DE CHAINE OU TOUTE AUTRE REPARATION)
B15: 4 | C15: Controler usure des roulements sur l'axe moteur - encodeur de la machine et signaler en cas de problème
B16: 5
B17: 6
B18: 7
B19: Nom et visa Intervenants | E19: Commentaire général | I19: Nom et visa du responsable

Sheet  EBI Semestrielle
D3: CHECKLIST SEMESTRIELLE | I3: CODÉ :
I4: =+Date!B2 -> Week ...2025
I5: La semaine:
B6: MACHINE | D6: CHAÎNE EBI 5
B7: CONFÉRENCIER | D7: SIMO
G10: FAIS?
B11: Non. | C11: DESCRIPTION DES TÂCHES | F11: Durée | G11: OUI | H11: NAN | I11: REMARQUES (MATÉRIEL + PIÈCES)
B12: 1 | C12: Serrer les vis de fixation de la camera
B13: 2
B14: 3
B15: 4
B16: Nom et visa Intervenants | E16: Commentaire général | I16: Nom et visa du responsable

Sheet  ECI hebdomadaire
D3: LISTE DE VÉRIFICATION HEBDOMADAIRE ÉLECTRIQUE | I3: CODÉ :
I4: =+Date!B2 -> Week ...2025
I5: La semaine:
B6: MACHINE | D6: ECI L5
B7: CONFÉRENCIER
G10: FAIS?
B11: Non. | C11: DESCRIPTION DES TÂCHES | F11: Durée | G11: OUI | H11: NAN | I11: REMARQUES (MATÉRIEL + PIÈCES)
B12: 1 | C12: nettoyer les capteurs à ultrasons
B13: =B12+1 -> 2 | C13: Nettoyer le pont de mesure de rayons X
B14: =B13+1 -> 3 | C14: contrôler le centrage du faisceau de rayons X sur le récepteur
B15: =B14+1 -> 4 | C15: Vérifiez les paramètres mécaniques des déclencheurs
B16: =B15+1 -> 5 | C16: Vérifiez les paramètres mécaniques des déclencheurs
B17: =B16+1 -> 6 | C17: Controler le fonctionnement ses triggers de déclechement des inspections
B18: =B17+1 -> 7 | C18: Assurez-vous que le capot de protection de l'encodeur est correctement fixé
B19: =B18+1 -> 8 | C19: Controler usure des roulements sur l'axe moteur - encodeur de la machine et signaler en cas de problème
B20: =B19+1 -> 9 | C20: Testez l'appareil
B21: =B20+1 -> 10
B22: Nom et visa Intervenants | E22: Commentaire général | I22: Nom et visa du responsable

Sheet  FBI  Hebdomadaire
D3: LISTE DE VÉRIFICATION HEBDOMADAIRE ÉLECTRIQUE | I3: CODÉ :
I4: =+Date!B2 -> Week ...2025
I5: La semaine:
B6: MACHINE | D6: FBI L5
B7: CONFÉRENCIER | D7: SIMO
G10: FAIS?
B11: Non. | C11: DESCRIPTION DES TÂCHES | F11: Durée | G11: OUI | H11: NAN | I11: REMARQUES (MATÉRIEL + PIÈCES)
B12: 1 | C12: Nettoyer le pont de mesure HF
B13: =B12+1 -> 2 | C13: nettoyer les vitres et les miroirs du box
B14: =B13+1 -> 3 | C14: nettoyer la vitre de protection côté caméra
B15: =B14+1 -> 4 | C15: vérifier le réglage motorisé
B16: =B15+1 -> 5 | C16: Vérifier le Réglages mécaniques des triggers
B17: =B16+1 -> 6 | C17: controler les triggers de déclechement des inspections
B18: =B17+1 -> 7 | C18: Vérifiez les paramètres mécaniques des déclencheurs
B19: =B18+1 -> 8 | C19: vérifier le réglage des détecteurs de canule dans le flacon et vérifier leur fonctionnement
B20: =B19+1 -> 9 | C20: Testez l'appareil
B21: =B20+1 -> 10 | C21: Assurez-vous que le capot de protection de l'encodeur est correctement fixé
B22: =B21+1 -> 11 | C22: Controler usure des roulements sur l'axe moteur - encodeur de la machine et signaler en cas de problème
B23: =B22+1 -> 12
B24: =B23+1 -> 13
B25: =B24+1 -> 14
B26: =B25+1 -> 15
B27: =B26+1 -> 16 | E27: Commentaire général | I27: Nom et visa du responsable
B28: Nom et visa Intervenants

Sheet  FCI hebdomadaire
D3: LISTE DE VÉRIFICATION HEBDOMADAIRE ÉLECTRIQUE | I3: CODÉ :
I4: =+Date!B2 -> Week ...2025
I5: La semaine:
B6: MACHINE | D6: FCI L5
B7: CONFÉRENCIER | D7: SIMO
G10: FAIS?
B11: Non. | C11: DESCRIPTION DES TÂCHES | F11: Durée | G11: OUI | H11: NAN | I11: REMARQUES (MATÉRIEL + PIÈCES)
B12: 1 | C12: Nettoyer le corps de la machine
B13: =B12+1 -> 2 | C13: nettoyer les capteurs à ultrasons
B14: =B13+1 -> 3 | C14: déclencheurs de contrôle pour déclencher des inspections (spectre de déclenchement, déclencheur de fond, etc.)
B15: =B14+1 -> 4 | C15: Vérifiez les paramètres mécaniques des déclencheurs
B16: =B15+1 -> 5 | C16: nettoyer les reflecteurs des photocellules de fond, de contrôle de surhauteur, du trigger spectrum…
B17: =B16+1 -> 6 | C17: Nettoyer l'éjecteur du maxi-laner
B18: =B17+1 -> 7 | C18: Testez l'appareil
B19: =B18+1 -> 8 | C19: Assurez-vous que le capot de protection de l'encodeur est correctement fixé
B20: =B19+1 -> 9 | C20: Controler usure des roulements sur l'axe moteur - encodeur de la machine et signaler en cas de problème
B21: =B20+1 -> 10
B22: =B21+1 -> 11
B23: =B22+1 -> 12
B24: =B23+1 -> 13
B25: =B24+1 -> 14
B26: =B25+1 -> 15
B27: =B26+1 -> 16
B28: =B27+1 -> 17
B29: =B28+1 -> 18
B30: =B29+1 -> 19
B31: =B30+1 -> 20
B32: =B31+1 -> 21
B33: =B32+1 -> 22
B34: Nom et visa Intervenants | E34: Commentaire général | I34: Nom et visa du responsable

Sheet LBI Hebdomadaire
D3: LISTE DE VÉRIFICATION HEBDOMADAIRE ÉLECTRIQUE | I3: CODÉ :
I4: =+Date!B2 -> Week ...2025
I5: La semaine:
B6: MACHINE | D6: LBI L5
B7: CONFÉRENCIER | D7: SIMO
G10: FAIS?
B11: Non. | C11: DESCRIPTION DES TÂCHES | F11: Durée | G11: OUI | H11: NAN | I11: REMARQUES (MATÉRIEL + PIÈCES)
B12: 1 | C12: Nettoyer le pont de mesure de rayons X n°1
B13: =B12+1 -> 2 | C13: Nettoyer le pont de mesure de rayons X n°2
B14: =B13+1 -> 3 | C14: nettoyer les vitres et les miroirs du box
B15: =B14+1 -> 4 | C15: nettoyer la vitre de protection côté caméra
B16: =B15+1 -> 5 | C16: nettoyer la vitre de protection côté caméra
B17: =B16+1 -> 6 | C17: Vérifiez les paramètres mécaniques des déclencheurs
B18: =B17+1 -> 7 | C18: Controler les triggers de déclechement des inspections
B19: =B18+1 -> 8 | C19: Assurez-vous que le capot de protection de l'encodeur est correctement fixé
B20: =B19+1 -> 9 | C20: Controler usure des roulements sur l'axe moteur - encodeur de la machine et signaler en cas de problème
B21: =B20+1 -> 10 | C21: Testez l'appareil
B22: =B21+1 -> 11
B23: =B22+1 -> 12
B24: =B23+1 -> 13
B25: =B24+1 -> 14
B26: Nom et visa Intervenants | E26: Commentaire général | I26: Nom et visa du responsable

Sheet LBI Trimestrielle
D3: LISTE DE VÉRIFICATION TRIMESTRIELLE ÉLECTRIQUE | I3: CODÉ :
I4: =+Date!B2 -> Week ...2025
I5: La semaine:
B6: MACHINE | D6: LBI
B7: CONFÉRENCIER | D7: NGASSA + KAMDEU
G10: FAIS?
B11: Non. | C11: DESCRIPTION DES TÂCHES | F11: Durée | G11: OUI | H11: NAN | I11: REMARQUES (MATÉRIEL + PIÈCES)
B12: 1 | C12: Inspecter le roulement en dessous de l'encodeur
B13: =B12+1 -> 2
B14: =B13+1 -> 3
B15: =B14+1 -> 4
B16: =B15+1 -> 5
B17: =B16+1 -> 6
B18: =B17+1 -> 7
B19: =B18+1 -> 8
B20: =B19+1 -> 9
B21: =B20+1 -> 10
B22: =B21+1 -> 11
B23: =B22+1 -> 12
B24: =B23+1 -> 13
B25: =B24+1 -> 14
B26: Nom et visa Intervenants | E26: Commentaire général | I26: Nom et visa du responsable

Sheet Encaisseuse Hebdo 
D3: CHECKLIST HEBDOMADAIRE ELECTRIQUE | I3: CODE:
I4: =+Date!B2 -> Week ...2025
I5: Semaine:
B6: MACHINE | D6: ENCAISSEUSE L5
B7: INTERVENANT | D7: GUIFFO
G10: FAIT?
B11: N° | C11: DESCRIPTION DES TACHES | F11: Durée | G11: OUI | H11: NON | I11: REMARQUES (MATERIEL + PIECES)
B12: 1 | C12: controler fixation et centrage du faisseau lumineux des photocellules
B13: =B12+1 -> 2 | C13: nettoyer les reflecteurs
B14: =B13+1 -> 3 | C14: controler le retour des signaux des photocellules à l'IHM
B15: =B14+1 -> 4 | C15: controler le bon fonctionnement des electrovannes
B16: =B15+1 -> 5 | C16: contrôler la ventillation des moteurs et servomoteurs
B17: =B16+1 -> 6 | C17: ranger les chemins de câble
B18: =B17+1 -> 7 | C18: controler le fonctionnement des barrières de sécurité. S'assurer que lorsqu'on ouvre une des portes, la machine s'arrete.
B19: =B18+1 -> 8 | C19: controler le fonctionnement des boutons d'arrets d'urgence. S'assurer que lorsqu'on appuie sur les boutons d'arrets d'urgence que la machine s'arrete.
B20: =B19+1 -> 9 | C20: Tester la machine
B21: =B20+1 -> 10 | C21: Nettoyer l'armoire electrique et se rassurer de la presence du schema electrique
B22: =B21+1 -> 11
B23: =B22+1 -> 12
B24: =B23+1 -> 13
B25: =B24+1 -> 14
B26: =B25+1 -> 15
B27: =B26+1 -> 16
B28: =B27+1 -> 17
B29: =B28+1 -> 18
B30: =B29+1 -> 19
B31: =B30+1 -> 20
B32: =B31+1 -> 21
B33: =B32+1 -> 22
B34: Nom et Visa Intervenants | E34: Commentaire Général | I34: Nom et Visa Responsables

Sheet Encaisseuse Mensuelle 
D3: CHECKLIST MENSUELLE ELECTRIQUE | I3: CODE:
I4: =+Date!B2 -> Week ...2025
I5: Semaine:
B6: MACHINE | D6: ENCAISSEUSE CHAINE 5
B7: INTERVENANT
G10: FAIT?
B11: N° | C11: DESCRIPTION DES TACHES | F11: Durée | G11: OUI | H11: NON | I11: REMARQUES (MATERIEL + PIECES)
B12: 1 | C12: Verifier l'etat des freins des moteurs
B13: =B12+1 -> 2 | C13: Mesurer la valeur ohmique des enroulements
B14: =B13+1 -> 3 | C14: Controler le serrage des bornes des moteurs
B15: =B14+1 -> 4 | C15: Controler le serrage des contacts des contacteurs, relais, variateur et disjoncteurs
B16: =B15+1 -> 5 | C16: Controler l'état des électrovannes
B17: =B16+1 -> 6 | C17: Controler le serrage des contacts sur les cartes de l'automate
B18: =B17+1 -> 7
B19: =B18+1 -> 8
B20: =B19+1 -> 9
B21: =B20+1 -> 10
B22: =B21+1 -> 11
B23: =B22+1 -> 12
B24: =B23+1 -> 13
B25: =B24+1 -> 14
B26: =B25+1 -> 15
B27: =B26+1 -> 16
B28: =B27+1 -> 17
B29: =B28+1 -> 18
... B33: =B32+1 -> 22
B34: Nom et Visa Intervenants | E34: Commentaire Général | I34: Nom et Visa Responsables

Sheet Etiqueteuse Hebdo 
D3: CHECKLIST HEBDOMADAIRE ELECTRIQUE | I3: CODE:
I4: =+Date!B2 -> Week ...2025
I5: Semaine:
B6: MACHINE | D6: ETIQUETEUSE CHAINE 5
B7: INTERVENANT | D7: DJIAKO
G10: FAIT?
B11: N° | C11: DESCRIPTION DES TACHES | F11: Durée | G11: OUI | H11: NON | I11: REMARQUES (MATERIEL + PIECES)
B12: 1 | C12: controler le retour des signaux des capteurs à l'IHM
B13: =B12+1 -> 2 | C13: controler le bon fonctionnement des electrovannes
B14: =B13+1 -> 3 | C14: ranger les chemins de câble
B15: =B14+1 -> 4 | C15: verifier le fonctionnement et Nettoyer les ventilateurs de chaque servomoteurs
B16: =B15+1 -> 5 | C16: controler le serrage et le fonctionnement des capteurs de securités des portierres
B17: =B16+1 -> 6 | C17: controler le serrage et le fonctionnement des capteurs de position des stations
B18: =B17+1 -> 7 | C18: controler le fonctionnement des boutons d'arrets d'urgence. S'assurer que lorsqu'on appuie sur les boutons d'arrets d'urgence que la machine s'arrete.
B19: =B18+1 -> 8 | C19: Tester la machine
B20: =B19+1 -> 9 | C20: Controler le serrage des connecteurs des encodeurs de toute la machine
B21: =B20+1 -> 10 | C21: Nettoyer et ranger l'armoire electrique et se rassurer de la presence du schema electrique
B22: =B21+1 -> 11
B23: =B22+1 -> 12
B24: =B23+1 -> 13
B25: =B24+1 -> 14
B26: =B25+1 -> 15
B27: =B26+1 -> 16
B28: =B27+1 -> 17
B29: =B28+1 -> 18
B30: =B29+1 -> 19
B31: =B30+1 -> 20
B32: =B31+1 -> 21
B33: Nom et Visa Intervenants | E33: Commentaire Général | I33: Nom et Visa Responsables

Sheet Etiqueteuse Mensuelle
D3: CHECKLIST MENSUELLE ELECTRIQUE | I3: CODE:
I4: =+Date!B2 -> Week ...2025
I5: Semaine:
B6: MACHINE | D6: ETIQUETEUSE
B7: INTERVENANT
G10: FAIT?
B11: N° | C11: DESCRIPTION DES TACHES | F11: Durée | G11: OUI | H11: NON | I11: REMARQUES (MATERIEL + PIECES)
B12: 1 | C12: Verifier l'etat des freins des moteurs
B13: =B12+1 -> 2 | C13: Mesurer la valeur ohmique des enroulements des moteurs et signaler ceux prsentant des defauts
B14: =B13+1 -> 3 | C14: Controler le serrage des bornes des moteurs
B15: =B14+1 -> 4 | C15: Controler le serrage des contacts des contacteurs, relais, variateur et disjoncteurs
B16: =B15+1 -> 5 | C16: Controler l'état des électrovannes
B17: =B16+1 -> 6 | C17: Controler le serrage des contacts sur les cartes de l'automate
B18: =B17+1 -> 7 | C18: Tester la machine
B19: =B18+1 -> 8
B20: =B19+1 -> 9
B21: =B20+1 -> 10
B22: =B21+1 -> 11
B23: =B22+1 -> 12
B24: =B23+1 -> 13
B25: =B24+1 -> 14
B26: =B25+1 -> 15
B27: =B26+1 -> 16
B28: =B27+1 -> 17
B29: =B28+1 -> 18
B30: =B29+1 -> 19
... B32: =B31+1 -> 21
B33: Nom et Visa Intervenants | E33: Commentaire Général | I33: Nom et Visa Responsables

Sheet Lave-caisses Hebdo
D3: CHECKLIST HEBDOMADAIRE ELECTRIQUE | I3: CODE:
I4: =+Date!B2 -> Week ...2025
I5: Semaine:
B6: MACHINE | D6: LAVE-CAISSES CHAINE 5
B7: INTERVENANT | D7: GUIFFO
G10: FAIT?
B11: N° | C11: DESCRIPTION DES TACHES | F11: Durée | G11: OUI | H11: NON | I11: REMARQUES (MATERIEL + PIECES)
B12: 1 | C12: Nettoyer les motoreducteurs et pompes
B13: =B12+1 -> 2 | C13: verrificatier l'étanchéité des presse-et-toupes
B14: =B13+1 -> 3 | C14: verifier le bon fonctionnement des electrovannes
B15: 4 | C15: controler le fonctionnement des boutons d'arrets d'urgence. S'assurer que lorsqu'on appuie sur les boutons d'arrets d'urgence que la machine s'arrete.
B16: =B15+1 -> 5 | C16: Nettoyer l'armoire electrique et se rassurer de la presence du schema electrique
B17: =B16+1 -> 6
B18: =B17+1 -> 7
B19: =B18+1 -> 8
B20: =B19+1 -> 9
B21: =B20+1 -> 10
B22: =B21+1 -> 11
B23: =B22+1 -> 12
B24: =B23+1 -> 13
B25: =B24+1 -> 14
B26: =B25+1 -> 15
B27: =B26+1 -> 16
B28: =B27+1 -> 17
... B31: =B30+1 -> 20
B32: Nom et Visa Intervenants | E32: Commentaire Général | I32: Nom et Visa Responsables

Sheet Lave-caisses Mensuelle
D3: CHECKLIST MENSUELLE ELECTRIQUE | I3: CODE:
I4: =+Date!B2 -> Week ...2025
I5: Semaine:
B6: MACHINE | D6: LAVES CAISSES
B7: INTERVENANT | D7: NOUNKEU
D8: FOTSO
G10: FAIT?
B11: N° | C11: DESCRIPTION DES TACHES | F11: Durée | G11: OUI | H11: NON | I11: REMARQUES (MATERIEL + PIECES)
B12: 1 | C12: Mesurer la valeur ohmique des enroulements des moteurs
B13: =B12+1 -> 2 | C13: Controler le serrage des bornes des moteurs
B14: =B13+1 -> 3 | C14: Controler le serrage des contacts dans les pcb (modules déportés) et sur les cartes de l'automate
B15: =B14+1 -> 4 | C15: Controler le serrage des contacts des contacteurs, relais, variateur et disjoncteurs
B16: =B15+1 -> 5
B17: =B16+1 -> 6
B18: =B17+1 -> 7
B19: Nom et Visa Intervenants | E19: Commentaire Général | I19: Nom et Visa Responsables

Sheet Laveuse Hebdo
D3: CHECKLIST HEBDOMADAIRE ELECTRIQUE | I3: CODE:
I4: =+Date!B2 -> Week ...2025
I5: Semaine:
B6: MACHINE | D6: LAVEUSE DE BOUTEILLES L5
B7: INTERVENANT
G10: FAIT?
B11: N° | C11: DESCRIPTION DES TACHES | F11: Durée | G11: OUI | H11: NON | I11: REMARQUES (MATERIEL + PIECES)
B12: 1 | C12: controler les point de fixation de l'emetteur et du recepteur, et aligner le faisseau lumineux (rayon infrarouge) des photocellules de barrage à l'entrée et à la sortie
B13: =B12+1 -> 2 | C13: contrôler la ventillation des moteurs
B14: =B13+1 -> 3 | C14: verifier les retours des signaux des capteurs sur l'IHM (capteur de sécurité de l'infeed, ….)
B15: =B14+1 -> 4 | C15: Nettoyer les motoreducteurs et pompes
B16: =B15+1 -> 5 | C16: Controler le serrage des connecteurs de la machines
B17: =B16+1 -> 6 | C17: Vérifier le fonctionnement des lampes LED / turbes fluorescents / balasts/ staters / broches de l'Eclairage du Infeed et outfeed
B18: =B17+1 -> 7 | C18: controler la presence tension des lampes LED / turbes fluorescents de l'Eclairage du Infeed et outfeed
B19: =B18+1 -> 8 | C19: Vérifier le fonctionnement des lampes LED de l'éclairage des visiaires d'inspection des injecteurs
B20: =B19+1 -> 9 | C20: controler la presence tension des lampes LED de l'éclairage des visiaires d'inspection des injecteurs
B21: =B20+1 -> 10 | C21: controler le fonctionnement des barrières de sécurité. S'assurer que lorsqu'on ouvre une des portes, la machine s'arrete.
B22: =B21+1 -> 11 | C22: controler le fonctionnement des boutons d'arrets d'urgence. S'assurer que lorsqu'on appuie sur les boutons d'arrets d'urgence que la machine s'arrete.
B23: =B22+1 -> 12 | C23: Tester la machine
B24: =B23+1 -> 13 | C24: Faire une inspection de la station de dosage de stabilon et se rassurer qu'elle fonctionne en automatique
... B30: =B29+1 -> 19 | C30: Nettoyer les flow switch du rincage final
B31: =B30+1 -> 20
B32: =B31+1 -> 21
B33: =B32+1 -> 22
B34: Nom et Visa Intervenants | E34: Commentaire Général | I34: Nom et Visa Responsables

Sheet Laveuse Mensuel
D3: CHECKLIST Mensuel ELECTRIQUE | I3: CODE:
I4: =+Date!B2 -> Week ...2025
I5: Semaine:
B6: MACHINE | D6: LAVEUSE CHAINE 5
B7: INTERVENANT | D7: NOUNKEU
G10: FAIT?
B11: N° | C11: DESCRIPTION DES TACHES | F11: Durée | G11: OUI | H11: NON | I11: REMARQUES (MATERIEL + PIECES)
B12: 1 | C12: Verifier l'etat des freins des moteurs
B13: =B12+1 -> 2 | C13: Mesurer la valeur ohmique des enroulements
B14: =B13+1 -> 3 | C14: Controler le serrage des bornes des moteurs
B15: =B14+1 -> 4 | C15: Controler le serrage des contacts des contacteurs, relais, variateur et disjoncteurs
B16: =B15+1 -> 5 | C16: Controler l'état des électrovannes
B17: =B16+1 -> 6 | C17: Controler le serrage des contacts dans les PCB (modules déportés) et sur les cartes de l'automate
B18: =B17+1 -> 7 | C18: Controler l'etat des encodeurs
B19: =B18+1 -> 8 | C19: Controler l'état et reviser les conductivimètres
B20: =B19+1 -> 9 | C20: Nettoyer les flow switch des bains 1, 2,3,4 & 5
B21: =B20+1 -> 10
B22: =B21+1 -> 11
B23: =B22+1 -> 12
B24: =B23+1 -> 13
B25: =B24+1 -> 14
B26: =B25+1 -> 15
B27: =B26+1 -> 16
B28: =B27+1 -> 17
B29: =B28+1 -> 18
B30: =B29+1 -> 19
B31: =B30+1 -> 20
B32: =B31+1 -> 21
B33: =B32+1 -> 22
B34: Nom et Visa Intervenants | E34: Commentaire Général | I34: Nom et Visa Responsables

Sheet Palettiseur Hebdo
D3: CHECKLIST HEBDOMADAIRE ELECTRIQUE | I3: CODE:
I4: =+Date!B2 -> Week ...2025
I5: Semaine:
B6: MACHINE | D6: PALETTISEUR L5
B7: INTERVENANT | D7: BAYEGLE
G10: FAIT?
B11: N° | C11: DESCRIPTION DES TACHES | F11: Durée | G11: OUI | H11: NON | I11: REMARQUES (MATERIEL + PIECES)
B12: 1 | C12: dépoussierer et nettoyer l'armoires et coffret électrique
B13: 2 | C13: Vérifier le bon état des capteurs(capteurs de bloqueur à palettes, ...) et controler le serrage des leurs supports de fixation et leurs reflecteurs
B14: 3 | C14: Nettoyer les motoréducteurs et sectionneurs
B15: 4 | C15: Nettoyer les chemins de câble, vider, ranger et fermer les chemins de câbles
B16: 5 | C16: controler les câbles de communication
B17: 6 | C17: controler le retour des signaux des photocellules à l'IHM
B18: 7 | C18: serrer les connecteurs des photocellules et capteurs inductifs
B19: 8 | C19: verifier la ventillation armoires electriques et depoussierer
B20: 9 | C20: controler la position et l'état des détecteurs de vérins sur le chariot
B21: 10 | C21: controler le bon fonctionnement des capteurs de sécurité
B22: 11 | C22: contrôler la ventillation du moteur
B23: 12 | C23: nettoyer les reflecteurs
... B26: 15 | C26: controler le fonctionnement des boutons d'arrets d'urgence. S'assurer que lorsqu'on appuie sur les boutons d'arrets d'urgence que la machine s'arrete.
B27: =B26+1 -> 16 | C27: Tester la machine
B28: =B27+1 -> 17 | C28: Nettoyer l'armoire electrique et se rassurer de la presence du schema electrique
B29: =B28+1 -> 18 | C29: Verifier le serrage des freins des moteurs ainsi que les supports de ces moteurs zone convoyeur à palettes sortie pal et entrée depal
B30: =B29+1 -> 19 | C30: Contrôler l'état de tous les câbles de puissance de tous les servo-moteurs
B31: =B30+1 -> 20
B32: Nom et Visa Intervenants | E32: Commentaire Général | I32: Nom et Visa Responsables

Sheet Palettiseur MENSUELLE
D3: CHECKLIST MENSUELLE ELECTRIQUE | I3: CODE:
I4: =+Date!B2 -> Week ...2025
I5: Semaine:
B6: MACHINE | D6: PALETTISEUR CHAINE 5
B7: INTERVENANT
G10: FAIT?
B11: N° | C11: DESCRIPTION DES TACHES | F11: Durée | G11: OUI | H11: NON | I11: REMARQUES (MATERIEL + PIECES)
B12: 1 | C12: Verifier l'etat des freins des moteurs
B13: 2 | C13: Mesurer la valeur ohmique des enroulements des moteurs
B14: 3 | C14: Controler le serrage des bornes des moteurs
B15: 4 | C15: Controler le serrage des contacts des contacteurs, relais, variateur et disjoncteurs
B16: 5 | C16: Controler l'état des électrovannes
B17: 6 | C17: Controler le serrage des contacts dans les pcb (modules déportés) et sur les cartes de l'automate
B18: 7
B19: 8
B20: 9
B21: 10
B22: 11
B23: 12
B24: 13
B25: =B24+1 -> 14
B26: =B25+1 -> 15
B27: =B26+1 -> 16
B28: =B27+1 -> 17
B29: =B28+1 -> 18
B30: =B29+1 -> 19
B31: =B30+1 -> 20
B32: Nom et Visa Intervenants | E32: Commentaire Général | I32: Nom et Visa Responsables

Sheet Pasteurisateur Hebdo
D3: CHECKLIST HEBDOMADAIRE ELECTRIQUE | I3: CODE:
I4: =+Date!B2 -> Week ...2025
I5: Semaine:
B6: MACHINE | D6: PASTEURISATEUR CHAINE 5
B7: INTERVENANT | D7: DJIAKO
G10: FAIT?
B11: N° | C11: DESCRIPTION DES TACHES | F11: Durée | G11: OUI | H11: NON | I11: REMARQUES (MATERIEL + PIECES)
B12: 1 | C12: controler le bon fonctionnement des electrovannes
B13: =B12+1 -> 2 | C13: ranger les chemins de câble
B14: =B13+1 -> 3 | C14: controler le retour des signaux à l'IHM des capteurs inductifs de détection de bourrage à la sortie haut et bas
B15: =B14+1 -> 4 | C15: Vérifier que les vannes proportionelles fonctionnent normalement.
B16: =B15+1 -> 5 | C16: controler le fonctionnement des boutons d'arrets d'urgence. S'assurer que lorsqu'on appuie sur les boutons d'arrets d'urgence que la machine s'arrete.
B17: =B16+1 -> 6 | C17: Tester la machine
B18: =B17+1 -> 7 | C18: Controler le fonctionnement de la station de retour condensat et remedier aux problèmes rencontrés
B19: =B18+1 -> 8 | C19: Eliminer toutes les fuites sur les flexibles alimentant les vannes de la machine
B20: =B19+1 -> 9 | C20: Nettoyer l'armoire electrique et se rassurer de la presence du schema electrique
B21: =B20+1 -> 10 | C21: Nettoyer les ventilateurs des pompes
B22: =B21+1 -> 11
B23: =B22+1 -> 12
B24: =B23+1 -> 13
B25: =B24+1 -> 14
B26: =B25+1 -> 15
B27: =B26+1 -> 16
B28: =B27+1 -> 17
B29: =B28+1 -> 18
B30: =B29+1 -> 19
B31: =B30+1 -> 20
B32: =B31+1 -> 21
B33: Nom et Visa Intervenants | E33: Commentaire Général | I33: Nom et Visa Responsables

Sheet Pasteurisateur Mensuelle
D3: CHECKLIST MENSUELLE ELECTRIQUE | I3: CODE:
I4: =+Date!B2 -> Week ...2025
I5: Semaine:
B6: MACHINE | D6: PASTEURISATEUR CHAINE 5
B7: INTERVENANT
G10: FAIT?
B11: N° | C11: DESCRIPTION DES TACHES | F11: Durée | G11: OUI | H11: NON | I11: REMARQUES (MATERIEL + PIECES)
B12: 1 | C12: controler le bon fonctionnement des electrovannes
B13: =B12+1 -> 2 | C13: ranger les chemins de câble
B14: =B13+1 -> 3 | C14: controler le retour des signaux à l'IHM des capteurs inductifs de détection de bourrage à la sortie
B15: =B14+1 -> 4 | C15: controler les floteurs dans les bains
B16: =B15+1 -> 5 | C16: introduire les valeurs à l'IHM et verifier la concordance avec les proportion d'ouverture des vannes
B17: =B16+1 -> 6 | C17: verifier les paramettres de production sur l'IHM
B18: =B17+1 -> 7 | C18: Mesurer la valeur ohmique des enroulements de tous les moteurs et signaler ceux presentant des defauts
B19: =B18+1 -> 8 | C19: Tester la machine
B20: =B19+1 -> 9 | C20: Demonter les sondes de temperatures de tous les bains et nettoyer les
B21: =B20+1 -> 10
B22: =B21+1 -> 11
B23: =B22+1 -> 12
B24: =B23+1 -> 13
B25: Nom et Visa Intervenants | E25: Commentaire Général | I25: Nom et Visa Responsables

Sheet Trieuse 
D3: CHECKLIST HEBDOMADAIRE ELECTRIQUE | I3: CODE:
I4: =+Date!B2 -> Week ...2025
I5: Semaine:
B6: MACHINE | D6: TRIEUSE
B7: INTERVENANT | D7: SIMO
G10: FAIT?
B11: N° | C11: DESCRIPTION DES TACHES | F11: Durée | G11: OUI | H11: NON | I11: REMARQUES (MATERIEL + PIECES)
B12: 1 | C12: Contrôler l'état des signiaux des triggers
B13: =B12+1 -> 2 | C13: Contrôler l'accuglement de l'encodeur
B14: =B13+1 -> 3 | C14: Nettoyer le corps de la machine
B15: =B14+1 -> 4 | C15: Contrôler l'état des vitres coté flash et caméra
B16: =B15+1 -> 5 | C16: Contrôler la hauteur mécanique de la lampe de coulure et caméra
B17: =B16+1 -> 6
B18: =B17+1 -> 7
B19: =B18+1 -> 8
B20: =B19+1 -> 9
B21: =B20+1 -> 10
B22: =B21+1 -> 11
B23: =B22+1 -> 12
B24: =B23+1 -> 13
B25: =B24+1 -> 14
B26: =B25+1 -> 15
B27: Nom et Visa Intervenants | E27: Commentaire Général | I27: Nom et Visa Responsables

Sheet Soutireuse Hebdo 
D3: CHECKLIST HEBDOMADAIRE ELECTRIQUE | I3: CODE:
I4: =+Date!B2 -> Week ...2025
I5: Semaine:
B6: MACHINE | D6: SOUTIREUSE CHAINE 5
B7: INTERVENANT
G10: FAIT?
B11: N° | C11: DESCRIPTION DES TACHES | F11: Durée | G11: OUI | H11: NON | I11: REMARQUES (MATERIEL + PIECES)
B12: 1 | C12: controler le retour des signaux des photocellules sur les convoyeurs d'entrée et de sortie à l'IHM
B13: =B12+1 -> 2 | C13: Néttoyer les coffrets electriques et ranger l'intérieur
B14: =B13+1 -> 3 | C14: controler le retour des signaux des capteurs inductifs à l'IHM
B15: =B14+1 -> 4 | C15: controler le fonctionnement des barrières de sécurité. S'assurer que lorsqu'on ouvre une des portes, la machine s'arrete.
B16: =B15+1 -> 5 | C16: controler le fonctionnement des boutons d'arrets d'urgence. S'assurer que lorsqu'on appuie sur les boutons d'arrets d'urgence que la machine s'arrete.
B17: =B16+1 -> 6 | C17: Tester la machine
B18: =B17+1 -> 7 | C18: Nettoyer l'armoire electrique et se rassurer de la presence du schema electrique
B19: =B18+1 -> 8 | C19: Nettoyer tous les organes électriques de la station d'arrivée de bière
B20: =B19+1 -> 9 | C20: Ranger le schéma électrique à l'intérieur de l'amoire electrique
B21: =B20+1 -> 10
B22: =B21+1 -> 11
B23: =B22+1 -> 12
B24: =B23+1 -> 13
B25: =B24+1 -> 14
B26: =B25+1 -> 15
B27: =B26+1 -> 16
B28: =B27+1 -> 17
B29: =B28+1 -> 18
B30: =B29+1 -> 19
B31: =B30+1 -> 20
B32: =B31+1 -> 21
B33: =B32+1 -> 22
B34: Nom et Visa Intervenants | E34: Commentaire Général | I34: Nom et Visa Responsables

Sheet Soutireuse MENSUELLE
D3: CHECKLIST MENSUELLE ELECTRIQUE | I3: CODE:
I4: =+Date!B2 -> Week ...2025
I5: Semaine:
B6: MACHINE | D6: SOUTIREUSE L5
B7: INTERVENANT | D7: DJIAKO
G10: FAIT?
B11: N° | C11: DESCRIPTION DES TACHES | F11: Durée | G11: OUI | H11: NON | I11: REMARQUES (MATERIEL + PIECES)
B12: 1 | C12: verifier l'etat des freins l'etat des moteurs
B13: =B12+1 -> 2 | C13: mesurer les valeurs de l'intensité de courant des moteurs
B14: =B13+1 -> 3 | C14: mesurer la valeur ohmique des enroulements
B15: =B14+1 -> 4 | C15: controler le serrage des bornes des moteurs
B16: =B15+1 -> 5 | C16: controler l'état des électrovannes
B17: =B16+1 -> 6 | C17: controler le serrage des contacts dans les PCB (modules déportés) et sur les cartes de l'automate
B18: =B17+1 -> 7 | C18: controler l'etat des encodeurs
B19: =B18+1 -> 8 | C19: Ranger le schéma électrique à l'intérieur de l'amoire electrique
B20: =B19+1 -> 9
B21: =B20+1 -> 10
B22: =B21+1 -> 11
B23: =B22+1 -> 12
B24: =B23+1 -> 13
B25: =B24+1 -> 14
B26: =B25+1 -> 15
B27: =B26+1 -> 16
B28: =B27+1 -> 17
B29: =B28+1 -> 18
B30: =B29+1 -> 19
B31: =B30+1 -> 20
B32: =B31+1 -> 21
B33: Nom et Visa Intervenants | E33: Commentaire Général | I33: Nom et Visa Responsables
